-- MySQL dump 10.17  Distrib 10.3.22-MariaDB, for Linux (x86_64)
--
-- Host: localhost    Database: holocene_development
-- ------------------------------------------------------
-- Server version	10.3.22-MariaDB

/*!40101 SET @OLD_CHARACTER_SET_CLIENT=@@CHARACTER_SET_CLIENT */;
/*!40101 SET @OLD_CHARACTER_SET_RESULTS=@@CHARACTER_SET_RESULTS */;
/*!40101 SET @OLD_COLLATION_CONNECTION=@@COLLATION_CONNECTION */;
/*!40101 SET NAMES utf8mb4 */;
/*!40103 SET @OLD_TIME_ZONE=@@TIME_ZONE */;
/*!40103 SET TIME_ZONE='+00:00' */;
/*!40014 SET @OLD_UNIQUE_CHECKS=@@UNIQUE_CHECKS, UNIQUE_CHECKS=0 */;
/*!40014 SET @OLD_FOREIGN_KEY_CHECKS=@@FOREIGN_KEY_CHECKS, FOREIGN_KEY_CHECKS=0 */;
/*!40101 SET @OLD_SQL_MODE=@@SQL_MODE, SQL_MODE='NO_AUTO_VALUE_ON_ZERO' */;
/*!40111 SET @OLD_SQL_NOTES=@@SQL_NOTES, SQL_NOTES=0 */;

--
-- Table structure for table `active_storage_attachments`
--

DROP TABLE IF EXISTS `active_storage_attachments`;
/*!40101 SET @saved_cs_client     = @@character_set_client */;
/*!40101 SET character_set_client = utf8 */;
CREATE TABLE `active_storage_attachments` (
  `id` bigint(20) NOT NULL AUTO_INCREMENT,
  `name` varchar(255) COLLATE utf8mb4_unicode_ci NOT NULL,
  `record_type` varchar(255) COLLATE utf8mb4_unicode_ci NOT NULL,
  `record_id` bigint(20) NOT NULL,
  `blob_id` bigint(20) NOT NULL,
  `created_at` datetime NOT NULL,
  PRIMARY KEY (`id`),
  UNIQUE KEY `index_active_storage_attachments_uniqueness` (`record_type`,`record_id`,`name`,`blob_id`),
  KEY `index_active_storage_attachments_on_blob_id` (`blob_id`),
  CONSTRAINT `fk_rails_c3b3935057` FOREIGN KEY (`blob_id`) REFERENCES `active_storage_blobs` (`id`)
) ENGINE=InnoDB AUTO_INCREMENT=68 DEFAULT CHARSET=utf8mb4 COLLATE=utf8mb4_unicode_ci;
/*!40101 SET character_set_client = @saved_cs_client */;

--
-- Dumping data for table `active_storage_attachments`
--

LOCK TABLES `active_storage_attachments` WRITE;
/*!40000 ALTER TABLE `active_storage_attachments` DISABLE KEYS */;
INSERT INTO `active_storage_attachments` VALUES (1,'image','HoloceneEvent',38,1,'2020-05-22 16:46:37'),(2,'image','HoloceneEvent',39,2,'2020-05-22 16:46:38'),(3,'image','HoloceneEvent',40,3,'2020-05-22 16:46:38'),(4,'image','HoloceneEvent',41,4,'2020-05-22 16:46:38'),(5,'image','HoloceneEvent',42,5,'2020-05-22 16:46:39'),(6,'image','HoloceneEvent',45,6,'2020-05-22 16:46:39'),(7,'image','HoloceneEvent',46,7,'2020-05-22 16:46:40'),(8,'image','HoloceneEvent',47,8,'2020-05-22 16:46:40'),(9,'image','HoloceneEvent',48,9,'2020-05-22 16:46:41'),(10,'image','HoloceneEvent',12,10,'2020-05-22 16:46:53'),(11,'image','HoloceneEvent',13,11,'2020-05-22 16:46:53'),(12,'image','HoloceneEvent',15,12,'2020-05-22 16:46:54'),(13,'image','HoloceneEvent',243,13,'2020-05-22 16:47:01'),(14,'image','HoloceneEvent',244,14,'2020-05-22 16:47:01'),(15,'image','HoloceneEvent',245,15,'2020-05-22 16:47:01'),(16,'image','HoloceneEvent',246,16,'2020-05-22 16:47:02'),(17,'image','HoloceneEvent',271,17,'2020-05-22 16:47:08'),(18,'image','HoloceneEvent',64,18,'2020-05-22 16:47:11'),(19,'image','HoloceneEvent',285,19,'2020-05-22 16:47:11'),(20,'image','HoloceneEvent',287,20,'2020-05-22 16:47:12'),(21,'image','HoloceneEvent',288,21,'2020-05-22 16:47:13'),(22,'image','HoloceneEvent',289,22,'2020-05-22 16:47:13'),(23,'image','HoloceneEvent',290,23,'2020-05-22 16:47:14'),(24,'image','HoloceneEvent',295,24,'2020-05-22 16:47:15'),(25,'image','HoloceneEvent',302,25,'2020-05-22 16:47:17'),(26,'image','HoloceneEvent',304,26,'2020-05-22 16:47:18'),(27,'image','HoloceneEvent',309,27,'2020-05-22 16:47:19'),(28,'image','HoloceneEvent',313,28,'2020-05-22 16:47:20'),(29,'image','HoloceneEvent',315,29,'2020-05-22 16:47:21'),(30,'image','HoloceneEvent',316,30,'2020-05-22 16:47:21'),(31,'image','HoloceneEvent',317,31,'2020-05-22 16:47:22'),(32,'image','HoloceneEvent',318,32,'2020-05-22 16:47:22'),(33,'image','HoloceneEvent',319,33,'2020-05-22 16:47:23'),(34,'image','HoloceneEvent',321,34,'2020-05-22 16:47:24'),(35,'image','HoloceneEvent',322,35,'2020-05-22 16:47:24'),(36,'image','HoloceneEvent',323,36,'2020-05-22 16:47:24'),(37,'image','HoloceneEvent',324,37,'2020-05-22 16:47:25'),(38,'image','HoloceneEvent',325,38,'2020-05-22 16:47:25'),(39,'image','HoloceneEvent',326,39,'2020-05-22 16:47:25'),(40,'image','HoloceneEvent',327,40,'2020-05-22 16:47:26'),(41,'image','HoloceneEvent',328,41,'2020-05-22 16:47:26'),(42,'image','HoloceneEvent',329,42,'2020-05-22 16:47:27'),(43,'image','HoloceneEvent',330,43,'2020-05-22 16:47:27'),(44,'image','HoloceneEvent',331,44,'2020-05-22 16:47:28'),(45,'image','HoloceneEvent',332,45,'2020-05-22 16:47:28'),(46,'image','HoloceneEvent',333,46,'2020-05-22 16:47:28'),(47,'image','HoloceneEvent',334,47,'2020-05-22 16:47:29'),(48,'image','HoloceneEvent',335,48,'2020-05-22 16:47:29'),(49,'image','HoloceneEvent',336,49,'2020-05-22 16:47:30'),(50,'image','HoloceneEvent',63,50,'2020-05-22 16:47:30'),(51,'image','HoloceneEvent',337,51,'2020-05-22 16:47:31'),(52,'image','HoloceneEvent',338,52,'2020-05-22 16:47:31'),(53,'image','HoloceneEvent',339,53,'2020-05-22 16:47:33'),(54,'image','HoloceneEvent',340,54,'2020-05-22 16:47:33'),(55,'image','HoloceneEvent',346,55,'2020-05-22 16:47:35'),(56,'image','HoloceneEvent',96,56,'2020-05-22 16:47:37'),(57,'image','HoloceneEvent',109,57,'2020-05-22 16:47:37'),(58,'image','HoloceneEvent',349,58,'2020-05-22 16:47:37'),(59,'image','HoloceneEvent',350,59,'2020-05-22 16:47:38'),(60,'image','HoloceneEvent',359,60,'2020-05-22 16:47:41'),(61,'image','HoloceneEvent',363,61,'2020-05-22 16:47:42'),(62,'image','HoloceneEvent',367,62,'2020-05-22 16:47:43'),(63,'image','HoloceneEvent',368,63,'2020-05-22 16:47:44'),(64,'image','HoloceneEvent',369,64,'2020-05-22 16:47:44'),(65,'image','HoloceneEvent',372,65,'2020-05-22 16:47:45'),(66,'image','HoloceneEvent',377,66,'2020-05-22 16:47:46'),(67,'image','HoloceneEvent',381,67,'2020-05-22 16:47:47');
/*!40000 ALTER TABLE `active_storage_attachments` ENABLE KEYS */;
UNLOCK TABLES;

--
-- Table structure for table `active_storage_blobs`
--

DROP TABLE IF EXISTS `active_storage_blobs`;
/*!40101 SET @saved_cs_client     = @@character_set_client */;
/*!40101 SET character_set_client = utf8 */;
CREATE TABLE `active_storage_blobs` (
  `id` bigint(20) NOT NULL AUTO_INCREMENT,
  `key` varchar(255) COLLATE utf8mb4_unicode_ci NOT NULL,
  `filename` varchar(255) COLLATE utf8mb4_unicode_ci NOT NULL,
  `content_type` varchar(255) COLLATE utf8mb4_unicode_ci DEFAULT NULL,
  `metadata` text COLLATE utf8mb4_unicode_ci DEFAULT NULL,
  `byte_size` bigint(20) NOT NULL,
  `checksum` varchar(255) COLLATE utf8mb4_unicode_ci NOT NULL,
  `created_at` datetime NOT NULL,
  PRIMARY KEY (`id`),
  UNIQUE KEY `index_active_storage_blobs_on_key` (`key`)
) ENGINE=InnoDB AUTO_INCREMENT=68 DEFAULT CHARSET=utf8mb4 COLLATE=utf8mb4_unicode_ci;
/*!40101 SET character_set_client = @saved_cs_client */;

--
-- Dumping data for table `active_storage_blobs`
--

LOCK TABLES `active_storage_blobs` WRITE;
/*!40000 ALTER TABLE `active_storage_blobs` DISABLE KEYS */;
INSERT INTO `active_storage_blobs` VALUES (1,'spa90w20zrfwq8r3gtgur4lu4ypq','320px-Stonehenge2007_07_30.jpg','image/jpeg','{\"identified\":true,\"width\":320,\"height\":240,\"analyzed\":true}',15962,'fttnFbRctynv6yii9geurA==','2020-05-22 16:46:37'),(2,'g0z8lyy57rb4gn370ke082wrdhxk','320px-Stonehenge2007_07_30.jpg','image/jpeg','{\"identified\":true,\"width\":320,\"height\":240,\"analyzed\":true}',15962,'fttnFbRctynv6yii9geurA==','2020-05-22 16:46:38'),(3,'4num3jcmmsgr2ddiz99fiedt49te','320px-Stonehenge2007_07_30.jpg','image/jpeg','{\"identified\":true,\"width\":320,\"height\":240,\"analyzed\":true}',15962,'fttnFbRctynv6yii9geurA==','2020-05-22 16:46:38'),(4,'phfg0be7v51u1s1pem0riw3nthx2','320px-Stonehenge2007_07_30.jpg','image/jpeg','{\"identified\":true,\"width\":320,\"height\":240,\"analyzed\":true}',15962,'fttnFbRctynv6yii9geurA==','2020-05-22 16:46:38'),(5,'23kt12gb3ko95l2chnteqnqgayjx','320px-Stonehenge2007_07_30.jpg','image/jpeg','{\"identified\":true,\"width\":320,\"height\":240,\"analyzed\":true}',15962,'fttnFbRctynv6yii9geurA==','2020-05-22 16:46:39'),(6,'4d4ddc9zszejfgvqmvcyz1j1u169','320px-Stonehenge2007_07_30.jpg','image/jpeg','{\"identified\":true,\"width\":320,\"height\":240,\"analyzed\":true}',15962,'fttnFbRctynv6yii9geurA==','2020-05-22 16:46:39'),(7,'2v8219oxpem6ud61jtd92cot3ejv','320px-Stonehenge2007_07_30.jpg','image/jpeg','{\"identified\":true,\"width\":320,\"height\":240,\"analyzed\":true}',15962,'fttnFbRctynv6yii9geurA==','2020-05-22 16:46:40'),(8,'s5l1y0bfftw803rzcv06tbugc9ap','320px-Stonehenge2007_07_30.jpg','image/jpeg','{\"identified\":true,\"width\":320,\"height\":240,\"analyzed\":true}',15962,'fttnFbRctynv6yii9geurA==','2020-05-22 16:46:40'),(9,'omn0w62zagxidwpdkcqvpkmy5bpt','320px-Stonehenge2007_07_30.jpg','image/jpeg','{\"identified\":true,\"width\":320,\"height\":240,\"analyzed\":true}',15962,'fttnFbRctynv6yii9geurA==','2020-05-22 16:46:41'),(10,'e0h9oupmjzc0hhm0eoztspfi2qoz','218px-Göbekli_Tepe,_Urfa.jpg','image/jpeg','{\"identified\":true,\"width\":218,\"height\":145,\"analyzed\":true}',13797,'OzzVe8OYzl0ljD6JvbOaCw==','2020-05-22 16:46:53'),(11,'pq0n7tdhvvmfhum5paq5i7ijv5kt','218px-Göbekli_Tepe,_Urfa.jpg','image/jpeg','{\"identified\":true,\"width\":218,\"height\":145,\"analyzed\":true}',13797,'OzzVe8OYzl0ljD6JvbOaCw==','2020-05-22 16:46:53'),(12,'12hmse68btlk8ii7mg1ya9oslhxf','218px-Göbekli_Tepe,_Urfa.jpg','image/jpeg','{\"identified\":true,\"width\":218,\"height\":145,\"analyzed\":true}',13797,'OzzVe8OYzl0ljD6JvbOaCw==','2020-05-22 16:46:54'),(13,'wnlj399jrz1rrt9d7qs91cnko65d','280px-Cotopaxi_volcano_2008-06-27T1322.jpg','image/jpeg','{\"identified\":true,\"width\":280,\"height\":144,\"analyzed\":true}',15737,'c6n6RgjM4Nilb2iJdZe9Eg==','2020-05-22 16:47:01'),(14,'3q2vfjfq2ke0ecowt83op73do04f','280px-Cotopaxi_volcano_2008-06-27T1322.jpg','image/jpeg','{\"identified\":true,\"width\":280,\"height\":144,\"analyzed\":true}',15737,'c6n6RgjM4Nilb2iJdZe9Eg==','2020-05-22 16:47:01'),(15,'0xjoytwmxfm0gk6x9ti46gk3wxe8','MtBalbiToreNASA.jpg','image/jpeg','{\"identified\":true,\"width\":280,\"height\":188,\"analyzed\":true}',17883,'8q9q7825gCzCBYNso7TKow==','2020-05-22 16:47:01'),(16,'m8e6yfnsmxzx6rjshdj6uf4y93dg','280px-Volcan_Masaya2.jpg','image/jpeg','{\"identified\":true,\"width\":280,\"height\":179,\"analyzed\":true}',10534,'Wrq42UA0xZ2thHWK0RSh2Q==','2020-05-22 16:47:02'),(17,'cqj2w2ltr0bj70ksg5eqlgdry4d6','220px-Morasko_krater_zima.jpg','image/jpeg','{\"identified\":true,\"width\":220,\"height\":165,\"analyzed\":true}',14557,'uv7yEPEqqerAjPL6StASwQ==','2020-05-22 16:47:08'),(18,'b6ozk0nlpug4luh15wgqiu5gk9ry','280px-lvinaya_past_20070718011232.jpg','image/jpeg','{\"identified\":true,\"width\":280,\"height\":268,\"analyzed\":true}',14809,'JJhGj188C2GGFHbFGE2yEw==','2020-05-22 16:47:11'),(19,'b7yj35ekcrs91u9uiyez5kb3phgn','280px-Sakurajima55.jpg','image/jpeg','{\"identified\":true,\"width\":280,\"height\":105,\"analyzed\":true}',4041,'ozHr5CZvugRi9V/tTe13og==','2020-05-22 16:47:11'),(20,'9q3bwvlgp3hm0svuzfwqrlwo8x8j','280px-Pinatubo91eruption_clark_air_base.jpg','image/jpeg','{\"identified\":true,\"width\":280,\"height\":292,\"analyzed\":true}',27735,'2qZs78joECz+kmrgPyQpjw==','2020-05-22 16:47:12'),(21,'ozvbgp5rtvd1qlslo64k3glis6qi','Novarupta.jpg','image/jpeg','{\"identified\":true,\"width\":280,\"height\":182,\"analyzed\":true}',20935,'Pb+mTyJ4Qx+6PmQBCb8zeQ==','2020-05-22 16:47:13'),(22,'bjfbtx3qws9fjgjhnqffs2z9i9tb','280px-Santiaguito_from_Santamaria.jpg','image/jpeg','{\"identified\":true,\"width\":280,\"height\":186,\"analyzed\":true}',10851,'oD4DgCYTtTSDg9qrD5W0zw==','2020-05-22 16:47:13'),(23,'i7m61os6yv71j6hfzmrlu9dy4cki','280px-Krakatoa_eruption_lithograph.jpg','image/jpeg','{\"identified\":true,\"width\":280,\"height\":356,\"analyzed\":true}',36798,'z0LLeZR/WCc+KedDmQGEGw==','2020-05-22 16:47:14'),(24,'fmvwxgw6o1mgme4pf6anjuhzvxof','220px-Huaynaputina.jpg','image/jpeg','{\"identified\":true,\"width\":220,\"height\":151,\"analyzed\":true}',11712,'VoI/qRXRhmOjFsHCrLsliQ==','2020-05-22 16:47:15'),(25,'xrvb15nhfgibkiyn8kiur6xc19mc','280px-MtChurchill-KlutlanGlacier.jpg','image/jpeg','{\"identified\":true,\"width\":280,\"height\":186,\"analyzed\":true}',9299,'yBEzI9pcU6ChP3Elgl3qfQ==','2020-05-22 16:47:17'),(26,'kterunspx5swiy2x9l0lwhg0l5l1','260px-STS008-36-1403_cropped_rotated.jpg','image/jpeg','{\"identified\":true,\"width\":260,\"height\":179,\"analyzed\":true}',9839,'5tWpsHGjTNb5oaPMbvqS5Q==','2020-05-22 16:47:18'),(27,'0t349hp1548c20dfbkeh9g4clf49','280px-MtChurchill-KlutlanGlacier.jpg','image/jpeg','{\"identified\":true,\"width\":280,\"height\":186,\"analyzed\":true}',9299,'yBEzI9pcU6ChP3Elgl3qfQ==','2020-05-22 16:47:19'),(28,'4uhvbigyiyvezieajypemgiicfsb','280px-Pinatubo91eruption_clark_air_base.jpg','image/jpeg','{\"identified\":true,\"width\":280,\"height\":292,\"analyzed\":true}',27735,'2qZs78joECz+kmrgPyQpjw==','2020-05-22 16:47:20'),(29,'2fs09atp9s2nj3t8z7dojck0cay7','280px-Aniakchak-caldera_alaska.jpg','image/jpeg','{\"identified\":true,\"width\":280,\"height\":187,\"analyzed\":true}',19297,'ef/NVTay6nsOVwtYgL3QVQ==','2020-05-22 16:47:21'),(30,'6crxqpbm8gltzmgi5e1pmdw3p3aq','280px-MountVeniaminof.jpg','image/jpeg','{\"identified\":true,\"width\":280,\"height\":190,\"analyzed\":true}',14064,'pNsE5w9rHSV3/gur9lXPgQ==','2020-05-22 16:47:21'),(31,'0jku7w8ma1byo8tlyzw2lbak4awh','280px-MSH82_st_helens_plume_from_harrys_ridge_05-19-82.jpg','image/jpeg','{\"identified\":true,\"width\":280,\"height\":189,\"analyzed\":true}',12008,'bOCs4nD7fVrJkAafVcKKag==','2020-05-22 16:47:22'),(32,'cw0428v209wa55rzb4suhqzbvhvq','280px-Cerro_hudson.jpg','image/jpeg','{\"identified\":true,\"width\":280,\"height\":185,\"analyzed\":true}',14296,'UbUaysHSwRjRrYD5BPiS2Q==','2020-05-22 16:47:22'),(33,'vj6cw452szx33ry1p7h9jussdq0o','280px-Black_Peak.jpg','image/jpeg','{\"identified\":true,\"width\":280,\"height\":182,\"analyzed\":true}',17054,'aX9FV1Jo5Xl2Z5gEGdi2Qg==','2020-05-22 16:47:23'),(34,'4yrx985bsr1ltbg07pyh8zwh9g6j','280px-Cerro_Blanco_volcano_(AVA_Granule_L1B_20000916145757).jpg','image/jpeg','{\"identified\":true,\"width\":280,\"height\":236,\"analyzed\":true}',17576,'prROFi033ST/Zn/Aub9fKg==','2020-05-22 16:47:24'),(35,'pkjozul7p4ap3sza6v3m0jv6p3de','280px-Pinatubo91eruption_clark_air_base.jpg','image/jpeg','{\"identified\":true,\"width\":280,\"height\":292,\"analyzed\":true}',27735,'2qZs78joECz+kmrgPyQpjw==','2020-05-22 16:47:24'),(36,'it6jq24m6ql1wd1bvvynowqz1pze','280px-Taal_Volcano_aerial_2013.jpg','image/jpeg','{\"identified\":true,\"width\":280,\"height\":158,\"analyzed\":true}',10625,'BavpSuf+ZEf1hYbKa7I2qA==','2020-05-22 16:47:24'),(37,'qw7i38lggct3ns76yf0ymc80s4t2','280px-Ulawun_steam_plume.jpg','image/jpeg','{\"identified\":true,\"width\":280,\"height\":245,\"analyzed\":true}',18916,'Ny3JDptiW6YjNTsbnPaZKA==','2020-05-22 16:47:25'),(38,'lkwzst174muh0s6tphrx9xa2zavg','280px-Volcan_Masaya2.jpg','image/jpeg','{\"identified\":true,\"width\":280,\"height\":179,\"analyzed\":true}',10534,'Wrq42UA0xZ2thHWK0RSh2Q==','2020-05-22 16:47:25'),(39,'8ga09akywesoz2fuooyzwszg4oj8','Kikai_Caldera_Relief_Map,_SRTM,_English.jpg','image/jpeg','{\"identified\":true,\"width\":280,\"height\":280,\"analyzed\":true}',14315,'Kaqtc1Z61PT7ryVT2+wiaw==','2020-05-22 16:47:25'),(40,'lgi22afua3mf4sl6582wvm8h9pna','260px-Macauley_Island.png','image/png','{\"identified\":true,\"width\":260,\"height\":195,\"analyzed\":true}',91630,'VrZK9WorLFSdMPeYj27bqg==','2020-05-22 16:47:26'),(41,'k8d1kdfwyaxf38em7vt3pfzfcr6b','280px-Cerro_hudson.jpg','image/jpeg','{\"identified\":true,\"width\":280,\"height\":185,\"analyzed\":true}',14296,'UbUaysHSwRjRrYD5BPiS2Q==','2020-05-22 16:47:26'),(42,'ag1l4bkg6lbwkpk1mdpx0ozsdy02','280px-Aniakchak-caldera_alaska.jpg','image/jpeg','{\"identified\":true,\"width\":280,\"height\":187,\"analyzed\":true}',19297,'ef/NVTay6nsOVwtYgL3QVQ==','2020-05-22 16:47:27'),(43,'osi3luj3sqj09pk6q01j07cb7y0i','OnekotanIslandNASA.jpg','image/jpeg','{\"identified\":true,\"width\":280,\"height\":280,\"analyzed\":true}',8009,'CW/JluRCX6fbe+JMf/DayA==','2020-05-22 16:47:27'),(44,'lxupvtsxvklml0pygzxz1cesb9x2','250px-Image-2008_Lake_Masshu.jpg','image/jpeg','{\"identified\":true,\"width\":249,\"height\":167,\"analyzed\":true}',11933,'fSFh1DIVOL0Tskuj2vgemA==','2020-05-22 16:47:28'),(45,'89e8ifrzocmrpityp11bcar31ez6','250px-Crater_Lake_winter_pano2.jpg','image/jpeg','{\"identified\":true,\"width\":250,\"height\":124,\"analyzed\":true}',15817,'28krSZ455r4ugXZgZE75xA==','2020-05-22 16:47:28'),(46,'8axpo9spnvwcf22ba3n396vqo1yd','280px-Khangar.jpg','image/jpeg','{\"identified\":true,\"width\":280,\"height\":182,\"analyzed\":true}',19717,'iheIEUWbk9a5kWBKEiKI/w==','2020-05-22 16:47:28'),(47,'ldtsa9exsic41jja1yesu2dx2pgb','Menengai_crater_view_from_the_edge.jpg','image/jpeg','{\"identified\":true,\"width\":280,\"height\":210,\"analyzed\":true}',14187,'IrQLf5RO/4f6Hk0L2sQlcw==','2020-05-22 16:47:29'),(48,'cozxkk2uegom02wk8mls52dwlld8','OnekotanIslandNASA.jpg','image/jpeg','{\"identified\":true,\"width\":280,\"height\":280,\"analyzed\":true}',8009,'CW/JluRCX6fbe+JMf/DayA==','2020-05-22 16:47:29'),(49,'jmprbkmsowilyq1z913j1psgznuk','280px-Akademia_nauk.jpg','image/jpeg','{\"identified\":true,\"width\":280,\"height\":182,\"analyzed\":true}',14200,'wxz1lxeMa6VU62H3hPNBxw==','2020-05-22 16:47:30'),(50,'wyyqh0urvuk75hfprkk9bywjpch8','280px-Pinatubo91eruption_clark_air_base.jpg','image/jpeg','{\"identified\":true,\"width\":280,\"height\":292,\"analyzed\":true}',27735,'2qZs78joECz+kmrgPyQpjw==','2020-05-22 16:47:30'),(51,'ntr9snzoq7fbl6tudo6p8x91lzen','280px-Sakura-jima_from_space.jpg','image/jpeg','{\"identified\":true,\"width\":280,\"height\":347,\"analyzed\":true}',42507,'bte7P5LGo+zrgFBm3IiPPg==','2020-05-22 16:47:31'),(52,'j6t5hod6bccarku8jh0lyklsrkzx','280px-Iceland_Grimsvoetn_1972-B.jpg','image/jpeg','{\"identified\":true,\"width\":280,\"height\":132,\"analyzed\":true}',5366,'xELtYJvPyl2nJPvlBsR+4w==','2020-05-22 16:47:31'),(53,'sh4rwk97so5z98dpf0j8qm50n66r','280px-The-glaciated-michinmavida-volcano-lies-directly-behind-chaiten-in-eruption.jpg','image/jpeg','{\"identified\":true,\"width\":280,\"height\":186,\"analyzed\":true}',16656,'1WH0jMaUvU/ReGzmSDLsdQ==','2020-05-22 16:47:33'),(54,'huu7cl4l9d9364mjdxepeyloeskw','260px-Ulleung_island_from_above.jpg','image/jpeg','{\"identified\":true,\"width\":260,\"height\":171,\"analyzed\":true}',9432,'Tw8Iwm/ffekRpkM64K5j5w==','2020-05-22 16:47:33'),(55,'4pmzir4vgs8nx2ril6ks2r52tbnv','280px-Ulawun_steam_plume.jpg','image/jpeg','{\"identified\":true,\"width\":280,\"height\":245,\"analyzed\":true}',18916,'Ny3JDptiW6YjNTsbnPaZKA==','2020-05-22 16:47:35'),(56,'6721fq8ombnwk1f7d98ip93tl8db','280px-Santorini_Caldera_Landsat.jpg','image/jpeg','{\"identified\":true,\"width\":280,\"height\":289,\"analyzed\":true}',17336,'DfW83gnW+HqFeiY8UXZ1OA==','2020-05-22 16:47:37'),(57,'v0f5p7v56dev54t8yer61extj53b','220px-Kaali-crater-saaremaa-estonia-aug-2007.jpg','image/jpeg','{\"identified\":true,\"width\":220,\"height\":106,\"analyzed\":true}',12670,'3ZrewMstHsuDCMVJdAST/w==','2020-05-22 16:47:37'),(58,'mx65ykhhzvsr8228k9wi22d2ospg','Macha_craters_overview_map.jpg','image/jpeg','{\"identified\":true,\"width\":150,\"height\":100,\"analyzed\":true}',4412,'xSn9JqpohGCM5rBSBWxxvw==','2020-05-22 16:47:37'),(59,'ey36aw5emmclc1kok6i017unwx49','280px-Ulawun_steam_plume.jpg','image/jpeg','{\"identified\":true,\"width\":280,\"height\":245,\"analyzed\":true}',18916,'Ny3JDptiW6YjNTsbnPaZKA==','2020-05-22 16:47:38'),(60,'tjcgbw4e7svptfry0utdnymzgg0j','260px-STS008-36-1403_cropped_rotated.jpg','image/jpeg','{\"identified\":true,\"width\":260,\"height\":179,\"analyzed\":true}',9839,'5tWpsHGjTNb5oaPMbvqS5Q==','2020-05-22 16:47:41'),(61,'b7s0d2u4q8t0qk9p0vy5pkp1hfpn','260px-STS008-36-1403_cropped_rotated.jpg','image/jpeg','{\"identified\":true,\"width\":260,\"height\":179,\"analyzed\":true}',9839,'5tWpsHGjTNb5oaPMbvqS5Q==','2020-05-22 16:47:42'),(62,'0jyk6k1slgtzndfoaty6h9qx7e1o','280px-Ulawun_steam_plume.jpg','image/jpeg','{\"identified\":true,\"width\":280,\"height\":245,\"analyzed\":true}',18916,'Ny3JDptiW6YjNTsbnPaZKA==','2020-05-22 16:47:43'),(63,'wb05wypj2ddw8qre050ldtfnmwp9','280px-MtChurchill-KlutlanGlacier.jpg','image/jpeg','{\"identified\":true,\"width\":280,\"height\":186,\"analyzed\":true}',9299,'yBEzI9pcU6ChP3Elgl3qfQ==','2020-05-22 16:47:44'),(64,'b9slslndyizyf7bygydhulnhr6sc','280px-Ulawun_steam_plume.jpg','image/jpeg','{\"identified\":true,\"width\":280,\"height\":245,\"analyzed\":true}',18916,'Ny3JDptiW6YjNTsbnPaZKA==','2020-05-22 16:47:44'),(65,'d31vlic5kjej35jiej94ko3xbg1y','280px-ShepherdIslandsMap.png','image/png','{\"identified\":true,\"width\":280,\"height\":327,\"analyzed\":true}',46928,'qA5f1/zgg8+M9MPvLkTR0g==','2020-05-22 16:47:45'),(66,'o200a5bvjda7wkscsa6kt309jpq9','280px-Iceland_Grimsvoetn_1972-B.jpg','image/jpeg','{\"identified\":true,\"width\":280,\"height\":132,\"analyzed\":true}',5366,'xELtYJvPyl2nJPvlBsR+4w==','2020-05-22 16:47:46'),(67,'wp312vf2ia4ajeuvsb0grq9bewbx','280px-Iceland_Grimsvoetn_1972-B.jpg','image/jpeg','{\"identified\":true,\"width\":280,\"height\":132,\"analyzed\":true}',5366,'xELtYJvPyl2nJPvlBsR+4w==','2020-05-22 16:47:47');
/*!40000 ALTER TABLE `active_storage_blobs` ENABLE KEYS */;
UNLOCK TABLES;

--
-- Table structure for table `ar_internal_metadata`
--

DROP TABLE IF EXISTS `ar_internal_metadata`;
/*!40101 SET @saved_cs_client     = @@character_set_client */;
/*!40101 SET character_set_client = utf8 */;
CREATE TABLE `ar_internal_metadata` (
  `key` varchar(255) COLLATE utf8mb4_unicode_ci NOT NULL,
  `value` varchar(255) COLLATE utf8mb4_unicode_ci DEFAULT NULL,
  `created_at` datetime(6) NOT NULL,
  `updated_at` datetime(6) NOT NULL,
  PRIMARY KEY (`key`)
) ENGINE=InnoDB DEFAULT CHARSET=utf8mb4 COLLATE=utf8mb4_unicode_ci;
/*!40101 SET character_set_client = @saved_cs_client */;

--
-- Dumping data for table `ar_internal_metadata`
--

LOCK TABLES `ar_internal_metadata` WRITE;
/*!40000 ALTER TABLE `ar_internal_metadata` DISABLE KEYS */;
INSERT INTO `ar_internal_metadata` VALUES ('environment','development','2020-05-22 16:45:27.995250','2020-05-22 16:45:27.995250'),('schema_sha1','ca5dd5c56f4bf5110403d516e24713c32a86b4eb','2020-05-22 16:45:28.044842','2020-05-22 16:45:28.044842');
/*!40000 ALTER TABLE `ar_internal_metadata` ENABLE KEYS */;
UNLOCK TABLES;

--
-- Table structure for table `asides`
--

DROP TABLE IF EXISTS `asides`;
/*!40101 SET @saved_cs_client     = @@character_set_client */;
/*!40101 SET character_set_client = utf8 */;
CREATE TABLE `asides` (
  `id` bigint(20) NOT NULL AUTO_INCREMENT,
  `name` varchar(255) COLLATE utf8mb4_unicode_ci DEFAULT NULL,
  `body` text COLLATE utf8mb4_unicode_ci DEFAULT NULL,
  `created_at` datetime NOT NULL,
  `updated_at` datetime NOT NULL,
  `chapter_id` int(11) DEFAULT NULL,
  PRIMARY KEY (`id`)
) ENGINE=InnoDB AUTO_INCREMENT=15 DEFAULT CHARSET=utf8mb4 COLLATE=utf8mb4_unicode_ci;
/*!40101 SET character_set_client = @saved_cs_client */;

--
-- Dumping data for table `asides`
--

LOCK TABLES `asides` WRITE;
/*!40000 ALTER TABLE `asides` DISABLE KEYS */;
INSERT INTO `asides` VALUES (1,'What Happened?','<p>Tarlan returned to the lands after God Spoke.</p><p>After the fires.</p><p>\r\nCresting the final rise, he expecting to see smoke from the fires of the People.\r\n</p><p>\r\nInstead he found death.</p><p>\r\nVultures far as the eye could see.\r\n</p><p>\r\nThe People... Dead. All dead.\r\n</p>','2020-05-22 16:45:50','2020-06-20 15:43:34',3),(2,'Never Again!','\n<p>They had walked the Ice Bridge to where the Great Waters poured into the ocean.\nThere was no way past the Waters, no way to tell what really happened when God Spoke.\n</p><p>\nThey built the circle with the stone columns telling of where in the sky God came from.\nThey built benches where people could look at the sky and see the Bull.\nBut it moved over the years and Mor now sat in the twelfth circle.\n</p><p>\nThe group had decided.\nThey would bury the circles and look for a place to build a new one.\nThey would remember that God killed so many.\n</p>\n','2020-05-22 16:45:53','2020-05-22 16:45:53',4),(3,'At last!','<p>\r\nWhen he was 10, Jo\'s father had a visitor who asked questions about what Jo had learn from Nor, the oldest person in the group.\r\nJo recited named of plants and how to plant and cook them; herbs and how they help, how to prepare then and how to know what is too much.\r\n</p><p>\r\nWhen he was twelve, the man returned with another and Jo\'s father told him that they were going to take him to a school where he would learn about the stars.\r\nSo they started walking down out of the mountains, through many villages, towns and other places of humans.\r\n</p>\r\n<p>Jo had walked for months to get here.\r\nHe crested the dunes and saw the bowl that encompasses Nabta Playa.\r\nFrom where he stood, he could see the smoke of the fires, the megaliths, and somewhere was the calendar.\r\n</p><p>\r\nSchool at last.\r\n</p>','2020-05-22 16:45:56','2020-06-13 14:02:01',5),(4,'It is Time.','\n<p>Nan knew what to do.<br/>  \nThe object had been growing steadily bigger and did not change from night to night.<br/>\nHe gathered his things and descended the mountain.<br/>\nTo look for the righteous who would know and listen.<br/>\nThe Wicked would perish, God was coming!\n</p>\n','2020-05-22 16:46:08','2020-05-22 16:46:08',7),(5,'Dawn','\n<p>The King prayed all night.<br/>\nIn morning council, he would announce that his son would lead half the people away to relieve the famine in the land.<br/>\nThey would go south to the sea and build boats to sail to distant lands to seek a homeland.\n</p>\n','2020-05-22 16:46:10','2020-05-22 16:46:10',8),(6,'We must move!','\n<p>There is nothing to eat here.<br/>\nThere is nothing to eat north of us.<br/>\nTo the west is the sea and to the east the desert.<br/>\nWe must move to Egypt, to Joseph.\n</p>\n','2020-05-22 16:46:13','2020-05-22 16:46:13',9),(7,'Cousins!','\n<p>They came in after the tsunamis.<br/>\nThe people in boats.<br/>\nThey spoke like our language and brought wine and water.\n</p>\n<p>They took over as lord and master.<br/>\nThey didn\'t ask if we wanted that.\n</p>\n','2020-05-22 16:46:14','2020-05-22 16:46:14',10),(8,'Inconsiderate!','\n<p>We wanted to talk with the Watchers.  \nLot\'s visitors were Watchers.\nAll could see that.\nThey had their man-purse-star-maps.\n</p>\n<p>For Lot to cloister them in his house without letting them speak to us.\n</p><p>\nThen offering his daughters as substitutes.\nWhat do they know?\nThey only know what we all do anyway.\n</p><p>\nAnd to be gone before dawn.  \nSo inconsiderate!\n</p>\n','2020-05-22 16:46:16','2020-05-22 16:46:16',11),(9,'Necessity','\n<p>The cooling waters, I surrendered into them.<br/>\nThe children... As longs as I live, the children...\n</p><p>\nWe waited to see if the evil that infected Jerico had infected us.<br/>\nLong after everything had been cleansed, long enough to know...\n</p>\n','2020-05-22 16:46:16','2020-05-22 16:46:16',12),(10,'Lost, Everything Lost!','\n<p>The came from the ocean, a force like no other.<br/>\nThey burned the masters\' place and the city too.<br/>\nEverything lost!\n</p>\n','2020-05-22 16:46:19','2020-05-22 16:46:19',13),(11,'The Meeting of Minds','\n<p>What are we to do?\nThe People must be instructed in the Lord\'s Law and Word, yet we have no written script.\nOnly stories and scraps of stories.\n</p>\n<p>We met and combined the stories which lead to the freedom of the People into one book: Genesis.\nWe wove stories together and created books based on Leaders.\nWe added text to justify God\'s punishment of peoples.\n</p>\n<p>We must show God is Just!\n</p>\n','2020-05-22 16:46:23','2020-05-22 16:46:23',14),(12,'Hurry!','\n<p>The Fools!<br/>\nDid they think publishing a story about an event that happened long ago would not have consequences?<br/>\nWe must hurry before they reveal anymore.<br/>\nWe must find a new home.<br/>\nTake everything, copy it all onto parchment or papyrus.<br/>\nBut hurry!\n</p>\n','2020-05-22 16:46:24','2020-05-22 16:46:24',15),(13,'Alive!','\n<p>My master told me to prepare the herbs and set the last part of his mission in play.<br/>\nWe waited.  Praying that we could give him the herbs which would simulate death before he really died.<br/>\nMary gave it to him in the fluid of a sponge.<br/>\nHe lives!\n</p>\n','2020-05-22 16:46:24','2020-05-22 16:46:24',16),(14,'Spoken','Simple lines span times unimaginable.<br/>Accumulations of Creation and Exploration.<br/>Always spoken and today written for the first time!','2020-05-25 22:24:15','2020-05-26 17:05:15',6);
/*!40000 ALTER TABLE `asides` ENABLE KEYS */;
UNLOCK TABLES;

--
-- Table structure for table `authors`
--

DROP TABLE IF EXISTS `authors`;
/*!40101 SET @saved_cs_client     = @@character_set_client */;
/*!40101 SET character_set_client = utf8 */;
CREATE TABLE `authors` (
  `id` bigint(20) NOT NULL AUTO_INCREMENT,
  `first_name` varchar(255) COLLATE utf8mb4_unicode_ci DEFAULT NULL,
  `last_name` varchar(255) COLLATE utf8mb4_unicode_ci DEFAULT NULL,
  `created_at` datetime NOT NULL,
  `updated_at` datetime NOT NULL,
  `user_id` int(11) DEFAULT NULL,
  PRIMARY KEY (`id`)
) ENGINE=InnoDB AUTO_INCREMENT=61 DEFAULT CHARSET=utf8mb4 COLLATE=utf8mb4_unicode_ci;
/*!40101 SET character_set_client = @saved_cs_client */;

--
-- Dumping data for table `authors`
--

LOCK TABLES `authors` WRITE;
/*!40000 ALTER TABLE `authors` DISABLE KEYS */;
INSERT INTO `authors` VALUES (1,'Cody','Nivens','2020-05-22 16:45:39','2020-05-22 16:45:39',1),(2,'Susan Brind','Morrow','2020-05-22 16:45:39','2020-05-22 16:45:39',1),(3,'Fred','Wendorf','2020-05-22 16:45:40','2020-05-22 16:45:40',1),(4,'Romuald','Schild','2020-05-22 16:45:40','2020-05-22 16:45:40',1),(5,'Dionysios','Stathakopoulos','2020-05-22 16:45:40','2020-05-22 16:45:40',1),(6,'Paschal','O’Hare','2020-05-22 16:45:40','2020-05-22 16:45:40',1),(7,'Mike','Baillie','2020-05-22 16:45:40','2020-05-22 16:45:40',1),(8,'Susan Wise','Bauer','2020-05-22 16:45:40','2020-05-22 16:45:40',1),(9,'Norman F.','Cantor','2020-05-22 16:45:41','2020-05-22 16:45:41',1),(10,'Brian','Fagan','2020-05-22 16:45:41','2020-05-22 16:45:41',1),(11,'Gram','Handcock','2020-05-22 16:45:41','2020-05-22 16:45:41',1),(12,'John','Kelly','2020-05-22 16:45:41','2020-05-22 16:45:41',1),(13,'David','Keyes','2020-05-22 16:45:41','2020-05-22 16:45:41',1),(14,'Gina','Kolata','2020-05-22 16:45:42','2020-05-22 16:45:42',1),(15,'William H.','McNeill','2020-05-22 16:45:42','2020-05-22 16:45:42',1),(16,'Steven','Mithen','2020-05-22 16:45:42','2020-05-22 16:45:42',1),(17,'Amos','Nur','2020-05-22 16:45:42','2020-05-22 16:45:42',1),(18,'Dawn','Burgess','2020-05-22 16:45:42','2020-05-22 16:45:42',1),(19,'Graham','Phillips','2020-05-22 16:45:42','2020-05-22 16:45:42',1),(20,'William','Ryan','2020-05-22 16:45:42','2020-05-22 16:45:42',1),(21,'Walter','Pitman','2020-05-22 16:45:43','2020-05-22 16:45:43',1),(22,'William','Rosen','2020-05-22 16:45:43','2020-05-22 16:45:43',1),(23,'John','Savino','2020-05-22 16:45:43','2020-05-22 16:45:43',1),(24,'Marie D.','Jones','2020-05-22 16:45:43','2020-05-22 16:45:43',1),(25,'Henry','Stommel','2020-05-22 16:45:43','2020-05-22 16:45:43',1),(26,'Elizabeth','Stommel','2020-05-22 16:45:43','2020-05-22 16:45:43',1),(27,'Bryan','Wade-Perkins','2020-05-22 16:45:43','2020-05-22 16:45:43',1),(28,'Christopher','Wills','2020-05-22 16:45:43','2020-05-22 16:45:43',1),(29,'Homer','','2020-05-22 16:45:43','2020-05-22 16:45:43',1),(30,'Hans','Zinsser','2020-05-22 16:45:44','2020-05-22 16:45:44',1),(31,'Simon','Winchester','2020-05-22 16:45:44','2020-05-22 16:45:44',1),(32,'Philip','Ziegler','2020-05-22 16:45:44','2020-05-22 16:45:44',1),(33,'Robert','Bauval','2020-05-22 16:45:44','2020-05-22 16:45:44',1),(34,'Thomas','Brophy','2020-05-22 16:45:44','2020-05-22 16:45:44',1),(35,'Joseph','Lumpkin','2020-05-22 16:45:44','2020-05-22 16:45:44',1),(36,'Larry','Niven','2020-05-22 16:45:44','2020-05-22 16:45:44',1),(37,'Jerry','Pournelle','2020-05-22 16:45:45','2020-05-22 16:45:45',1),(38,'Ryan','Pitterson','2020-05-22 16:45:45','2020-05-22 16:45:45',1),(39,'Various','Authors','2020-05-22 16:45:45','2020-05-22 16:45:45',1),(40,'Jianjun','Wang','2020-05-22 16:45:45','2020-05-22 16:45:45',1),(41,'Liguang','Sun','2020-05-22 16:45:45','2020-05-22 16:45:45',1),(42,'Liqi','Chen','2020-05-22 16:45:45','2020-05-22 16:45:45',1),(43,'Libin','Xu','2020-05-22 16:45:45','2020-05-22 16:45:45',1),(44,'Yuhong','Wang','2020-05-22 16:45:45','2020-05-22 16:45:45',1),(45,'Xinming','Wang','2020-05-22 16:45:45','2020-05-22 16:45:45',1),(46,'Guy','Worthey','2020-05-22 16:45:46','2020-05-22 16:45:46',1),(47,'Richard B.','Stothers','2020-05-22 16:45:46','2020-05-22 16:45:46',1),(48,'Andreas','Vött','2020-05-22 16:45:46','2020-05-22 16:45:46',1),(49,'Martin B.','Sweatman','2020-05-22 16:45:46','2020-05-22 16:45:46',1),(50,'Dimitrios','Tsikritsis','2020-05-22 16:45:46','2020-05-22 16:45:46',1),(51,'THOMAS G.','BROPHY','2020-05-22 16:45:46','2020-05-22 16:45:46',1),(52,'PAUL A.','ROSEN','2020-05-22 16:45:46','2020-05-22 16:45:46',1),(53,'Oliver','Dietrich','2020-05-22 16:45:46','2020-05-22 16:45:46',1),(54,'Manfred','Heun','2020-05-22 16:45:47','2020-05-22 16:45:47',1),(55,'Jens','Notroff','2020-05-22 16:45:47','2020-05-22 16:45:47',1),(56,'Klaus','Schmidt','2020-05-22 16:45:47','2020-05-22 16:45:47',1),(57,'Martin','Zarnkow','2020-05-22 16:45:47','2020-05-22 16:45:47',1),(58,'J. B.','Kloosterman','2020-05-22 16:45:47','2020-05-22 16:45:47',1),(59,'JOACHIM','SEIFERT','2020-05-22 16:45:47','2020-05-22 16:45:47',1),(60,'FRANK','LEMKE','2020-05-22 16:45:47','2020-05-22 16:45:47',1);
/*!40000 ALTER TABLE `authors` ENABLE KEYS */;
UNLOCK TABLES;

--
-- Table structure for table `authors_biblioentries`
--

DROP TABLE IF EXISTS `authors_biblioentries`;
/*!40101 SET @saved_cs_client     = @@character_set_client */;
/*!40101 SET character_set_client = utf8 */;
CREATE TABLE `authors_biblioentries` (
  `author_id` bigint(20) NOT NULL,
  `biblioentry_id` bigint(20) NOT NULL,
  KEY `index_author_biblioentry_1` (`author_id`,`biblioentry_id`),
  KEY `index_author_biblioentry_2` (`biblioentry_id`,`author_id`)
) ENGINE=InnoDB DEFAULT CHARSET=utf8mb4 COLLATE=utf8mb4_unicode_ci;
/*!40101 SET character_set_client = @saved_cs_client */;

--
-- Dumping data for table `authors_biblioentries`
--

LOCK TABLES `authors_biblioentries` WRITE;
/*!40000 ALTER TABLE `authors_biblioentries` DISABLE KEYS */;
INSERT INTO `authors_biblioentries` VALUES (2,1),(3,2),(3,45),(4,2),(5,3),(6,4),(7,5),(8,6),(9,7),(10,8),(10,9),(10,10),(10,11),(11,12),(12,13),(13,14),(14,15),(15,16),(16,17),(17,18),(18,18),(19,19),(20,20),(21,20),(22,21),(23,22),(24,22),(25,23),(26,23),(27,24),(28,25),(29,26),(30,27),(31,28),(32,29),(33,30),(34,30),(35,31),(35,32),(36,33),(37,33),(38,34),(39,35),(40,36),(41,36),(42,36),(43,36),(44,36),(45,36),(46,38),(47,39),(48,43),(49,46),(50,46),(51,47),(52,47),(53,48),(54,48),(55,48),(56,48),(57,48),(58,49),(59,50),(60,50);
/*!40000 ALTER TABLE `authors_biblioentries` ENABLE KEYS */;
UNLOCK TABLES;

--
-- Table structure for table `authors_books`
--

DROP TABLE IF EXISTS `authors_books`;
/*!40101 SET @saved_cs_client     = @@character_set_client */;
/*!40101 SET character_set_client = utf8 */;
CREATE TABLE `authors_books` (
  `author_id` bigint(20) NOT NULL,
  `book_id` bigint(20) NOT NULL,
  KEY `index_author_book_1` (`author_id`,`book_id`),
  KEY `index_author_book_2` (`book_id`,`author_id`)
) ENGINE=InnoDB DEFAULT CHARSET=utf8mb4 COLLATE=utf8mb4_unicode_ci;
/*!40101 SET character_set_client = @saved_cs_client */;

--
-- Dumping data for table `authors_books`
--

LOCK TABLES `authors_books` WRITE;
/*!40000 ALTER TABLE `authors_books` DISABLE KEYS */;
INSERT INTO `authors_books` VALUES (1,1);
/*!40000 ALTER TABLE `authors_books` ENABLE KEYS */;
UNLOCK TABLES;

--
-- Table structure for table `biblioentries`
--

DROP TABLE IF EXISTS `biblioentries`;
/*!40101 SET @saved_cs_client     = @@character_set_client */;
/*!40101 SET character_set_client = utf8 */;
CREATE TABLE `biblioentries` (
  `id` bigint(20) NOT NULL AUTO_INCREMENT,
  `name` varchar(255) COLLATE utf8mb4_unicode_ci DEFAULT NULL,
  `xreflabel` varchar(255) COLLATE utf8mb4_unicode_ci DEFAULT NULL,
  `copyright_year` varchar(255) COLLATE utf8mb4_unicode_ci DEFAULT NULL,
  `copyright_holder` varchar(255) COLLATE utf8mb4_unicode_ci DEFAULT NULL,
  `publisher` varchar(255) COLLATE utf8mb4_unicode_ci DEFAULT NULL,
  `releaseinfo` text COLLATE utf8mb4_unicode_ci DEFAULT NULL,
  `created_at` datetime NOT NULL,
  `updated_at` datetime NOT NULL,
  `user_id` int(11) DEFAULT NULL,
  `book_id` int(11) DEFAULT NULL,
  PRIMARY KEY (`id`)
) ENGINE=InnoDB AUTO_INCREMENT=51 DEFAULT CHARSET=utf8mb4 COLLATE=utf8mb4_unicode_ci;
/*!40101 SET character_set_client = @saved_cs_client */;

--
-- Dumping data for table `biblioentries`
--

LOCK TABLES `biblioentries` WRITE;
/*!40000 ALTER TABLE `biblioentries` DISABLE KEYS */;
INSERT INTO `biblioentries` VALUES (1,'The Dawning Moon of the Mind: Unlocking the Pyramid Texts','morrow2015','2015','',' Farrar, Straus and Giroux',NULL,'2020-05-22 16:45:39','2020-05-22 16:45:39',1,1),(2,'Holocene Settlement of the Egyptian Sahara','wendorf_schild2001','2001','','Springer, Boston, MA',NULL,'2020-05-22 16:45:40','2020-05-22 16:45:40',1,1),(3,'Famine and Pestilence in the Late Roman and Early Byzantine Empire. A Systematic Survey of Subsistence Crises and Epidemics','stathakopoulos2004','2004','','Birmingham Byzantine and Otto­man Monographs 9, Aldershot 2004;  (edited with G. Saint-Guillain)',NULL,'2020-05-22 16:45:40','2020-05-22 16:45:40',1,1),(4,'Multiradionuclide evidence for an extreme solar proton event around 2,610 B.P. (∼660 BC).','o_hare2019','Published online March 11, 2019','doi: 10.1073/pnas.1815725116','PNAS',NULL,'2020-05-22 16:45:40','2020-05-22 16:45:40',1,1),(5,'Exodus to Arthur: Catastrophic encounters with comets','baillie1999','1999, 2000, 2001','Mike Baillie','B. T. Batsford Ltd',NULL,'2020-05-22 16:45:40','2020-05-22 16:45:40',1,1),(6,'The History of the Ancient World: from the earliest accounts to the fall of Rome','bauer2007','2007','W. W. Norton & Co.','',NULL,'2020-05-22 16:45:40','2020-05-22 16:45:40',1,1),(7,'In the wake of the Plague: The Black Death &amp; the world it made','cantor2001','2001','Pernnial Press','',NULL,'2020-05-22 16:45:41','2020-05-22 16:45:41',1,1),(8,'Floods, Famines, and Emperors; El Nino and the fate of civilizations','fagan1999','1999,2009','Basic Books','',NULL,'2020-05-22 16:45:41','2020-05-22 16:45:41',1,1),(9,'The Little Ice Age: How climate made history','fagan2000','2000','Basic Books','',NULL,'2020-05-22 16:45:41','2020-05-22 16:45:41',1,1),(10,'The Long Summer: how climate changed civilization','fagan2004','2004','Basic Books','',NULL,'2020-05-22 16:45:41','2020-05-22 16:45:41',1,1),(11,'The Great Warming: climate change and the rise and fall of civilizations','fagan2008','2008','Bloomsbury Press','',NULL,'2020-05-22 16:45:41','2020-05-22 16:45:41',1,1),(12,'Underworld: the mysterious origins of civilizations','gram2002','2002','Crown Press','',NULL,'2020-05-22 16:45:41','2020-05-22 16:45:41',1,1),(13,'The Great Mortality: an intimate history of the Black Death, the most devastating plague of all time','kelly2005','2005','Harper Collins','',NULL,'2020-05-22 16:45:41','2020-05-22 16:45:41',1,1),(14,'Catastrophe An investigation into the origins of the modern world','keyes1999','1999','Balantine Books','',NULL,'2020-05-22 16:45:41','2020-05-22 16:45:41',1,1),(15,'Flu: The story of the Great Influenza Pandemic of 1918 and the search for the virus that caused it','kolata1999','1999, 2005','Touchstone','',NULL,'2020-05-22 16:45:42','2020-05-22 16:45:42',1,1),(16,'Plagues and People','mcneill1977','1977, 1989, 1998','Anchorbooks','',NULL,'2020-05-22 16:45:42','2020-05-22 16:45:42',1,1),(17,'After the Ice: A global Human History 20,000-5,000 BC','mithen2003','2003','Harvard University Press','',NULL,'2020-05-22 16:45:42','2020-05-22 16:45:42',1,1),(18,'Apocalypse: Earthquakes, archaeology, and the Wrath of God','nur2008','2008','Princeton University Press','',NULL,'2020-05-22 16:45:42','2020-05-22 16:45:42',1,1),(19,'The End of Eden: The Comet that Changed Civilization','phillips2007','2007','Bear and Company','',NULL,'2020-05-22 16:45:42','2020-05-22 16:45:42',1,1),(20,'Noah\'s Flood: The new scientific discoveries about the event that changed history','pitman1998','1998','Simon & Schuster','',NULL,'2020-05-22 16:45:42','2020-05-22 16:45:42',1,1),(21,'Justinian\'s Flea','rosen2007','2007','Viking','',NULL,'2020-05-22 16:45:43','2020-05-22 16:45:43',1,1),(22,'Supervolcano: the catastrophic event that changed the course of human history','savino2007','2007','Career Press','',NULL,'2020-05-22 16:45:43','2020-05-22 16:45:43',1,1),(23,'Volcano Weather: the story of 1816, the year without a summer','stommel1983','1983','Seven Seas Press, Inc','',NULL,'2020-05-22 16:45:43','2020-05-22 16:45:43',1,1),(24,'The Fall of Rome and the End of Civilization','wadeperkins2005','2005','Oxford University Press','',NULL,'2020-05-22 16:45:43','2020-05-22 16:45:43',1,1),(25,'Yellow Fever, Black Goddess: The coevolution of people and plagues','wills1996','1996','Helix Books','',NULL,'2020-05-22 16:45:43','2020-05-22 16:45:43',1,1),(26,'The Illiad of Homer','homer800bc','800 BC','Public Domain','',NULL,'2020-05-22 16:45:43','2020-05-22 16:45:43',1,1),(27,'Rats, Lice and History','zinsser1935','1935','Routledge; Revised edition (November 1, 2007)','',NULL,'2020-05-22 16:45:44','2020-05-22 16:45:44',1,1),(28,'Krakatoa','winchester2003','2003','Pernnial Press','',NULL,'2020-05-22 16:45:44','2020-05-22 16:45:44',1,1),(29,'The Black Death','ziegler1969','1969','Modern Classics','',NULL,'2020-05-22 16:45:44','2020-05-22 16:45:44',1,1),(30,'Black Genesis','bauval2011','2011','','Bear and Company',NULL,'2020-05-22 16:45:44','2020-05-22 16:45:44',1,1),(31,'The Book of Enoch','lumpkin2011','2011','','Fifth Estate Publisher',NULL,'2020-05-22 16:45:44','2020-05-22 16:45:44',1,1),(32,'The Book of Giants','lumpkin2014','2014','','Fifth Estate',NULL,'2020-05-22 16:45:44','2020-05-22 16:45:44',1,1),(33,'Footfall','niven1985','1985','','Ballantine Books',NULL,'2020-05-22 16:45:44','2020-05-22 16:45:44',1,1),(34,'Judgement of the Nephilim','pitterson2017','2017','','Days of Noe Publishing',NULL,'2020-05-22 16:45:45','2020-05-22 16:45:45',1,1),(35,'ESV Bible','bible','2007','','Crossways Bibles',NULL,'2020-05-22 16:45:45','2020-05-22 16:45:45',1,1),(36,'The abrupt climate change near 4,400 yr BP on the cultural transition in Yuchisi, China and its global linkage','',NULL,NULL,'','<a href=\'https://www.ncbi.nlm.nih.gov/pmc/articles/PMC4901284/\'>The abrupt climate change near 4,400 yr BP on the cultural transition in Yuchisi, China and its global linkage</a>','2020-05-22 16:45:45','2020-05-22 16:45:45',1,1),(37,'Orion Correlation Theory','orioncor',NULL,NULL,'','<a href=\'https://en.wikipedia.org/wiki/Orion_correlation_theory\'>Orion Correlation Theory</a>','2020-05-22 16:45:45','2020-05-22 16:45:45',1,1),(38,'Introductory Astronomy: Stonehenge','stonehengeastronomy',NULL,NULL,'','<a href=\'http://astro.wsu.edu/worthey/astro/html/im-lab/stonehenge/stonehenge.html\'></a>','2020-05-22 16:45:46','2020-05-22 16:45:46',1,1),(39,'Volcanic Dry Fogs, Climate Cooling, and Plague Pandemics in Europe and the Middle East','stothers1999',NULL,NULL,'','<a href=\'https://link.springer.com/article/10.1023/A:1005480105370\'>Volcanic Dry Fogs, Climate Cooling, and Plague Pandemics in Europe and the Middle East</a>','2020-05-22 16:45:46','2020-05-22 16:45:46',1,1),(40,'List of impact craters on Earth','holoceneimpactcraters',NULL,NULL,'','<a href=\'https://en.wikipedia.org/wiki/List_of_impact_craters_on_Earth\'>List of impact craters on Earth</a>','2020-05-22 16:45:46','2020-05-22 16:45:46',1,1),(41,'Global Volcanism Program: Large Holocene Eruptions','holoceneeruptions',NULL,NULL,'','<a href=\'http://volcano.si.edu/list_volcano_holocene.cfm\'>Global Volcanism Program: Large Holocene Eruptions</a>','2020-05-22 16:45:46','2020-05-22 16:45:46',1,1),(42,'Medieval Sourcebook: Annales Camriae 447-954 (The Annals of Wales)','annalescambriae',NULL,NULL,'','<a href=\'http://www.fordham.edu/halsall/source/annalescambriae.asp\'>Medieval Sourcebook: Annales Camriae 447-954 (The Annals of Wales)</a>','2020-05-22 16:45:46','2020-05-22 16:45:46',1,1),(43,'Olympia hypothesis: Tsunamis buried the cult site on the Peloponnese ','olympiaearthquake',NULL,NULL,'','<a href=\'http://www.uni-mainz.de/eng/14389.php\'>Olympia hypothesis: Tsunamis buried the cult site on the Peloponnese</a>','2020-05-22 16:45:46','2020-05-22 16:45:46',1,1),(44,'Corpus of Electronic Texts: The Annals of Ulster','annalesulster',NULL,NULL,'','<a href=\'http://www.ucc.ie/celt/published/t100001A/\'>Corpus of Electronic Texts: The Annals of Ulster</a>','2020-05-22 16:45:46','2020-05-22 16:45:46',1,1),(45,'Late Neolithic megalithic structures at Nabta Playa (Sahara), southwestern Egypt.','wendrofsaa98',NULL,NULL,'','<a href=\'https://web.archive.org/web/20110806140123/http://www.comp-archaeology.org/WendorfSAA98.html\'>Late Neolithic megalithic structures at Nabta Playa (Sahara), southwestern Egypt.</a>','2020-05-22 16:45:46','2020-05-22 16:45:46',1,1),(46,'DECODING GÖBEKLI TEPE WITH ARCHAEOASTRONOMY: WHAT DOES THE FOX SAY?','foxsay',NULL,NULL,'','<a href=\'http://maajournal.com/Issues/2017/Vol17-1/Sweatman%20and%20Tsikritsis%2017%281%29.pdf\'>DECODING GÖBEKLI TEPE WITH ARCHAEOASTRONOMY: WHAT DOES THE FOX SAY?</a>','2020-05-22 16:45:46','2020-05-22 16:45:46',1,1),(47,'SATELLITE IMAGERY MEASURES OF THE ASTRONOMICALLY ALIGNED MEGALITHS AT NABTA PLAYA ','nabtaplayagps',NULL,NULL,'','<a href=\'https://web.archive.org/web/20080229170244/http://www.rhodes.aegean.gr/maa_journal/issues/past%20issues/volume%205%20no1%20june%202005/brophy.pdf\'>SATELLITE IMAGERY MEASURES OF THE ASTRONOMICALLY ALIGNED MEGALITHS AT NABTA PLAYA</a>','2020-05-22 16:45:46','2020-05-22 16:45:46',1,1),(48,'The role of cult and feasting in the emergence of Neolithic communities.  New evidence from Gobekli Tepe, south-eastern Turkey','gobeklicult',NULL,NULL,'','<a href=\'https://www.cambridge.org/core/services/aop-cambridge-core/content/view/A1AA4FB20657599F859860D94CCD090E/S0003598X00047840a.pdf/role_of_cult_and_feasting_in_the_emergence_of_neolithic_communities_new_evidence_from_gobekli_tepe_southeastern_turkey.pdf\'>The role of cult and feasting in the emergence of Neolithic communities.  New evidence from Gobekli Tepe, south-eastern Turkey</a>','2020-05-22 16:45:46','2020-05-22 16:45:46',1,1),(49,'Correlation of the Late Pleistocene Usselo Horizon (Europe) and the Clovis Layer (North America)','usselo2007',NULL,NULL,'','<a href=\'https://ui.adsabs.harvard.edu/abs/2007AGUSMPP43A..02K/abstract\'>Correlation of the Late Pleistocene Usselo Horizon (Europe) and the Clovis Layer (North America)</a>','2020-05-22 16:45:47','2020-05-22 16:45:47',1,1),(50,'THE SUMERIAN K8538 TABLET','k8538','2014','','','<a href=\'https://www.knowledgeminer.eu/climate/pdf/Sumerian_K8538_Paper.pdf\'>THE SUMERIAN K8538 TABLET\nTHE GREAT METEOR IMPACT DEVASTATING MESOPOTAMIA</a>','2020-05-22 16:45:47','2020-05-22 16:45:47',1,1);
/*!40000 ALTER TABLE `biblioentries` ENABLE KEYS */;
UNLOCK TABLES;

--
-- Table structure for table `books`
--

DROP TABLE IF EXISTS `books`;
/*!40101 SET @saved_cs_client     = @@character_set_client */;
/*!40101 SET character_set_client = utf8 */;
CREATE TABLE `books` (
  `id` bigint(20) NOT NULL AUTO_INCREMENT,
  `name` varchar(255) COLLATE utf8mb4_unicode_ci DEFAULT NULL,
  `body` text COLLATE utf8mb4_unicode_ci DEFAULT NULL,
  `created_at` datetime NOT NULL,
  `updated_at` datetime NOT NULL,
  `user_id` int(11) DEFAULT NULL,
  `show_events` tinyint(1) DEFAULT 1,
  `sub_name` varchar(255) COLLATE utf8mb4_unicode_ci DEFAULT NULL,
  `copyright` varchar(255) COLLATE utf8mb4_unicode_ci DEFAULT NULL,
  `publisher` text COLLATE utf8mb4_unicode_ci DEFAULT NULL,
  PRIMARY KEY (`id`)
) ENGINE=InnoDB AUTO_INCREMENT=2 DEFAULT CHARSET=utf8mb4 COLLATE=utf8mb4_unicode_ci;
/*!40101 SET character_set_client = @saved_cs_client */;

--
-- Dumping data for table `books`
--

LOCK TABLES `books` WRITE;
/*!40000 ALTER TABLE `books` DISABLE KEYS */;
INSERT INTO `books` VALUES (1,'Skywatch: 10,000 BC','','2020-05-22 16:45:39','2020-06-01 21:48:39',1,0,'Science and Religion from the Sky','2020','Cody Nivens');
/*!40000 ALTER TABLE `books` ENABLE KEYS */;
UNLOCK TABLES;

--
-- Table structure for table `chapters`
--

DROP TABLE IF EXISTS `chapters`;
/*!40101 SET @saved_cs_client     = @@character_set_client */;
/*!40101 SET character_set_client = utf8 */;
CREATE TABLE `chapters` (
  `id` bigint(20) NOT NULL AUTO_INCREMENT,
  `name` varchar(255) COLLATE utf8mb4_unicode_ci DEFAULT NULL,
  `body` text COLLATE utf8mb4_unicode_ci DEFAULT NULL,
  `position` int(11) DEFAULT NULL,
  `slug` varchar(255) COLLATE utf8mb4_unicode_ci DEFAULT NULL,
  `created_at` datetime NOT NULL,
  `updated_at` datetime NOT NULL,
  `book_id` int(11) DEFAULT NULL,
  `show_events` tinyint(1) DEFAULT 1,
  `always_display_events` tinyint(1) DEFAULT 0,
  PRIMARY KEY (`id`)
) ENGINE=InnoDB AUTO_INCREMENT=21 DEFAULT CHARSET=utf8mb4 COLLATE=utf8mb4_unicode_ci;
/*!40101 SET character_set_client = @saved_cs_client */;

--
-- Dumping data for table `chapters`
--

LOCK TABLES `chapters` WRITE;
/*!40000 ALTER TABLE `chapters` DISABLE KEYS */;
INSERT INTO `chapters` VALUES (1,'Preface','<p>My maternal grandmother corralled my one day just before I went off to college.\r\nShe expounded to me the history of the Bible and that someday I or someone else would demonstrate it\'s validity.\r\nIn her efforts, she relied on National Geographic\'s exquisite books which placed the Exodus at 1,200 BC.\r\nAs time has progressed, it has been found that if there was an Exodus at 1,200 BC, it was small and not Biblical in nature.\r\n</p><p>\r\nIn the years since, I have watched the fate of archaeology as one school and then another demonstrated why or why not biblical events could occur.\r\nMuch of these excursions seem to be trying to either ignore reality or at best relabel it as something other than what it is.\r\nIn reality, the timing is much older than what archaeologists are willing to allow.\r\nThe explosion of Santorini has pushed events back into dates that are inconvenient to Archaeology.\r\n</p><p>The most fun to watch in the development of the understanding of history has been the various Ancient Aliens projects. The explanation that they arrive at are indeed factual and imaginative at the same time. They often arrive at a conclusion based on the concept that our ancient ancestors were not intelligent in the least and someone outside of the group had to develop and bring whatever technology to them.</p><p>\r\nArchaeology and History has issues with things that go boom.\r\nThey are inconvenient to explain.\r\nIf it happened then there should be some record so if there is no record then it didn\'t happen.\r\nAnd if it did happen, it did not affect people or history in any way.\r\nWhat is missed in these explanations is the affect of catastrophe on the Human Psyche.\r\nPTSD is not a modern affliction.\r\nNoah\'s use of wine to excess shows that self-medicating due to trauma was present in the Bible and was documented as such.\r\nThe generations that survive an event such as the explosion of Santorini need time to recover from the trauma physically, mentally and emotionally.\r\nSuch an effort will blur emotions, distort memories and create narratives to explain the destruction in a way as to Glorify their Deities while scapegoating someone for the loss.\r\n</p><p>\r\nI am grateful to those whose work in Archaeology has resulted in the data that is now available for the last 12,000 years.\r\nGobekli Tepe and the implications of organized labor and advanced astronomical knowledge has had a profound effect of the history of the Human Race.\r\nThe discovery of the Younger Dryas Impact Event has provided me with the kernel of what I hope is an interesting story.\r\n</p>',0,'preface','2020-05-22 16:45:49','2020-07-12 23:15:31',1,1,0),(2,'Introduction','<p>This book started with the book \'After the Ice\' by Steven Mithen.  \r\nDuring it\'s reading, I began to look at history in a different way.  \r\nPreviously, I had followed the tradition of cultural forces verses population as the main driver of history. \r\n\'After the Ice\' presented the idea that the environment\'s changes and the trail left by various peoples as they have struggled to live and ensure they children\'s survival influenced the development of civilization.\r\n</p><p>\r\nBrian Fagan\'s books and their assorted information on climate and its affect on history further informed this concept with data in recorded history.\r\nPatterns in weather and their effects on the history of people became very apparent. \r\nYet it was apparent from these books that weather could not explain all the various changes in the development of civilization.\r\n</p><p>\r\nA question formed in my mind as to what caused the breaks in historical development.  \r\n</p><p>\r\nRichard Stothers\' work presented the Global Winter pattern by applying to many cases in the last 2,000 years.  \r\nThese cases showed a simple elegant solution for these drop-outs of history.  \r\nOther historical periods should also have simple solutions as their causes especially when changes are wide spread.  \r\nA simple bad winter in one region may not affect another.  When it does, then a solution should explain why.\r\n</p><p>\r\nThis search has lead me to the Holocene Project\'s work and its importance to our future as well as its significance to our past.  \r\nWhile many argue that such events can not happen or happen so infrequently that their significance in history are not relevant, the 2011 earthquake at Fukushima has showed that ignoring the past can have disastrous consequences.  \r\nThe nuclear disaster would not have happened if the project proponents had not ignored evidence of tsunamis that were not within written history and instead relied upon written records.  \r\nPast civilizations may not have had the scientific sophistication to recognize what was happening, but they could record it in the limited world view they held.  \r\nSuch recording must not be ignored if we are to understand the dynamics of history.\r\n</p><p>\r\nIn writing this book, I understand that I run the risk of the wrath of many group.\r\nMany will of course state that I do not have the credentials to present this information.\r\nMy experience is in Computer Science, not Geology or History.\r\n</p><p>\r\nSecond, various religious communities will not like a possible explanation for the beginnings of the Bible.\r\nMy faith does not suffer when archaeology shows that events in the Bible can be dated to an era different from the calculations based on the \'begets\'.  \r\nIt is not the document that matters, it is the fact that this book\'s relevance has endured that is the important thing.  \r\nToday many advocate beliefs that differ from what the central figure of their religion believed and stated.  \r\nYet, they feel that their faith ensured that what they believe and how they behave are okay with their founder because they have a statement of faith that their deity would not let them believe anything that would be inconsistent with the founder\'s teachings.\r\nSuch is not my faith.\r\n</p><p>\r\nThird, Climate deniers will not like the concept that climate can effect history.  \r\nThey believe that by ignoring the reality of the world, they can influence it.  \r\nThe Bible\'s admonishment to go forth and multiple can not be hindered by science which is after all evil as reason is the product of the Devil.  \r\nA planet with limited resources does play a part in the Bible.  \r\nMany great events of destruction have been a result of the God\'s wrath again the raise in population of \'sinful\' people.  \r\nThe Book of Revelations seems to indicate that such destruction of resources will herald the return of the Christ so such things must be good since the faster we destroy them, the sooner that Christ returns.\r\nWith the advent of the Atomic Age, many people fell into the belief that if we destroy the world with the bomb, the Good Lord will return.  \r\nSuch a belief that God can be manipulated by our actions is hubris at best.\r\nChrist will return in his own time not at a time set by Man.\r\n</p><p>\r\nLast, there are those who seem to believe that preparing for the possibility that an event can occur which preclude the ability of the government to help its people is either an act of terrorism or one of treason.\r\nSuch beliefs are understandable given the actions of a few.\r\nYet to label all because of such behavior is to limit the ability to recognize the difference between reality, truth and the Truth.  \r\nSuch behavior endangers the very government which professes to know what is best for all.\r\nMormonism despite it past has a prophecy which states that they will be the salvation of America.\r\nSuch a believe could be based on the fact that they prepare for the possibility of events outlined in this book.\r\nSuch a belief is worthy of faith indeed.\r\n</p>',1,'introduction','2020-05-22 16:45:49','2020-07-12 23:15:15',1,1,0),(3,'The Holocene Impact Event','<p>14,800 years ago, Earth started out of the last ice-age.\r\nThis warming enabled humans to move north and where they hunted the megafauna to extinction.\r\nThey created hunting camps along the way bringing their family/clan up into Europe, Anatolia and the Middle East.\r\nAs time went by various places began to be used as semi-permeate camps.\r\nSome of these camps had wild cereals near-by. The gathering and processing of these grains into breads around 12,500 BC started the march to agriculture.\r\nIt is speculated that the taste of the processed cereals pushed both how they can be used and their cultivation.</p><p>The Bølling-Allerød Warming period started the warming of various forms of ice resulting in meltwater pulses starting at the beginning of the Bølling-Allerød Warming with on-going activity today.</p>',2,'holocene_impact','2020-05-22 16:45:50','2020-07-12 23:11:27',1,1,0),(4,'Skywatch 10,800 BC - The Watchers','<p>The Tradition of the Watchers was born with the Holocene Impact Event.  \r\nHaving seen the object which hit the planet, they were anxious to determine when such an event would occur again.  \r\n</p><p>\r\nGobekli Tepe stands as testament to their beginnings, determination and purpose.  \r\nThere are two things that standout about the existence of Gobekli Tepe:  they could organize a labor force for the purpose of constructing the circles.\r\nSecondly, the builders of Gobekli Tepe has a significant knowledge of the stars and their movements especially procession[[YK4DQ5UdLK]] .\r\nThe monuments point to one location in the Sky: where the Taurid meteors originate.\r\n</p><p>\r\nThe light from the Younger Dryas Impact Event would have brought to the attention of mankind the animals of the night in a prolonged way. \r\nThis allowed for an understanding based on sight. \r\nThe animals and insects would not have been affected by the night brightness and would have continued their diurnal activities.\r\nConsider that mankind on the plains of the Anatolia region would have had structures which where partially embedded in the earth. \r\n</p><p>\r\nThis was an insulation feature due to the winter cold.\r\nDuring the Younger Dryas Impact Event illumination, the tops of the structures would have been removed to use the light. \r\nThis would present a view of the sky and the earth around the habitation.\r\nA group remembrance of this would have lead to recreations of such an event with the ribs of the Gobekli Tepe\'s circular structures, the animals seen and the night sky.\r\n</p>',3,'watchers','2020-05-22 16:45:53','2020-07-12 23:11:39',1,1,0),(5,'University in Stone','<p>Essentially, the Watcher tradition and their use of megaliths was a university in stone.  \r\nThe stones detailed the position of stars that are then compared to the present show the progression of the stars.\r\n</p>\r\n<p>With the burial of Gobekli Tepe, those who built the monument looked around for a suitable place for the next set off stone observatories.  \r\nOne group went to Stonehenge in England and did a test sighting of something.  \r\nThey did not find what they were looking for yet another group that had discovered Nabta Playa, Egypt did find that object in the sky and they moved their observation there.\r\n</p>\r\n<p>The move happened in two parts.\r\nFirst, the people who would eventually build Stonehenge moved from the Aegean Sea area to England via the Northern Mediterranean and Spain.\r\nWhen or if they arrived in what is now Almendres, Portugal is a major question.  \r\nThe Almendres Cromlech seems to be along the lines of the efforts being done at Nabta Playa, Egypt.\r\n</p>\r\n<p>The second factor was the move of people from Nabta Playa, Egypt to England and what route did they take.\r\nMost likely, they move down the Nile to the delta. \r\nThen across the coast of North Africa to the Atlantic, crossing at Gibraltar, Spain.\r\nThe final stage would be through Spain and/or Portugal to see the Cromlech at Almendres.\r\n</p>\r\n<p>Alternatively, they could have gone via the Levant into Greece where the constructors of Stonehenge have migrated.\r\nThey would have left knowledge and children behind in their migration.\r\n</p>',4,'stone_uni','2020-05-22 16:45:55','2020-07-12 23:11:13',1,1,0),(6,'Genesis','<p>The Younger Dryas Impact did more to mankind that start them on the path of science and learning.\r\nIt started Mankind on the road to monotheism.\r\nThe impact was done by one God and his is jealous.\r\n</p><p>\r\nOne group of people started an epic chronicle which we now call the Book of Genesis.\r\nAs the Earth\'s climate evolved, the major changes that happened are recorded as a \'Day\'. Part of the evidence of the earlier experiences is the first story of Garden of Eden. This Garden of Eden would have been in the Persian Gulf. With its flooding, the people would have moved West towards water. The Ancient Black Sea would have been fresh water and today at great depths, the Black Sea is fresh water.</p><p>\r\nEach \'Day\' is explainable by events during certain times in the past.\r\nThe sequence that they follow is a logical sequence when viewed in the light of climate change.\r\n</p>',5,'biblical','2020-05-22 16:46:02','2020-07-12 23:10:56',1,1,0),(7,'Noah\'s Flood','<p>\r\nWhen research conducted by William Ryan, Walter Pitman was first published in 1998, the Christian community was not very receiving.\r\nFirst, the Biblical flood covered the whole world, while the flooding of the Black Sea basin was not global in nature.\r\n</p>\r\n<p>\r\nResearch done by Abbott, et la concerning specific types of chevron dunes along the coasts of various places lead to the discovery of the Buckle Crater.\r\nThis event would have been global with solid rain for several months.\r\n</p>\r\n<p>\r\nThis event is called the Piora Oscillation and lasted from 3250BC to 2900BC.\r\nA Greenland GISP2 ice core sample shows a sulfate spike and methane trough about 3250 BC.\r\n</p>',6,'noah_flood','2020-05-22 16:46:08','2020-07-12 23:11:57',1,1,0),(8,'Drought - the Mover of Civilizations','<p>Drought is more than just a severe climate condition, it pushed people and animals off lands causing them to seek shelter elsewhere increasing the ecological burden on regions surrounding the droughted area. Drought moves people like no other climate change and other than war does so equanimically.  \r\nNo water to drink means no life.  \r\nPeople seek life.</p>',7,'drought','2020-05-22 16:46:10','2020-07-12 23:12:13',1,1,0),(9,'Inconvenient Things','<p>These events bring into question the begets of the Bible and when did a particular individual exist.\r\nThere are two issues when did the individuals of the bible live and how long did they do so.\r\n</p>',8,'inconvient_dates','2020-05-22 16:46:13','2020-07-09 23:13:44',1,1,0),(12,'Exodus and the Plague - Survivors and Cleansing','<p>Research on DNA traces of epidemics identified a epidemic that struck Europe about 1,500BC.\r\nCuriously, it did not affect the population of the Middle East.\r\nIf a disease followed the same pattern of out of Africa via the Red Sea as in the Justian Plague, first to be infected would be the port\r\nof call in the Red Sea.  \r\nFrom there by land it would travel to Egypt and the Levant, by sea the Minoans would have taken it back to Crete and from there to its colonies in Greece and Anatolia.\r\nWith a naive population, the reduction of the Minoan population by 90% would reduce any culture to rubble.\r\n</p>\r\n<p>That plague is non-discriminatory towards status, the loss of leaders in any given group would lead to contests to\r\ndetermine leadership.  It is possible that much of the violence that Graham Phillips attributes to a comet is \r\npossibly related to the unrestrained mass of people faced with collapsed leadership and organized food production.\r\n</p>',11,'first_plague','2020-05-22 16:46:16','2020-07-12 23:14:01',1,1,0),(13,'Bronze Age Collapse','<p>A great question in history has always been the collapse of the Prototypical Manorial societies in the Macedonian and Greek areas.  \r\n</p>\r\n<p>\r\nAn event in 1,159 BC produced an 18 year substandard harvest resulting in a trans-generational famine with people facing genocide due to the weather.   \r\nPeople searching for substance flooded south into any area that had any food without care as to those there already.  \r\n</p>',12,'bronze_age','2020-05-22 16:46:19','2020-07-12 23:14:18',1,1,0),(15,'Enoch - Fall of the Watchers','<p>With the advancing of time, the size of the Watchers grew accordingly.  \r\nIt is natural for very intelligent people to want the sameness of others.\r\n</p>\r\n<p>\r\nThat this event could be real is supported by several facts.  \r\n</p>\r\n<ul>\r\n<li>The sudden explosion of Enoch material in the 3rd century BC</li>\r\n<li>The astronomy sections of the Book of Enoch</li>\r\n<li>The rapid development of several forms of mathematics in Greece after the Greek Dark Ages</li>\r\n<li>The appearance of astronomy as part of the Mayan system of life</li>\r\n</ul>',14,'enoch','2020-05-22 16:46:23','2020-07-12 23:14:37',1,1,0),(16,'The Last Watcher','<p>Who was the last Watcher?</p>\r\n<p>One of the questions that came up in writing this book is when did the Watchers end or did they?\r\nThe curious name for the Watchers as Sons of God brought up the point that in the New Testament, Jesus is referred to as the Son of God.\r\nWhat if this concept is based on the idea that Jesus went to the Watchers sometime after the arguing in the temple with the priests.\r\n</p><p>\r\nWhat if as a Watcher Jesus either decided to betray his oath to the order or was on a mission to do what he did?\r\nIf he was a Watcher who betrayed his oath, then the reaction of the Pharisees is understandable in light of the Book of Enoch.\r\nIf he was a Watcher on a mission to bring certain concept to the world then who is the last Watcher?\r\n</p><p>\r\nAre they still working, watching the skies as Skywatch?\r\n</p>',15,'last_watcher','2020-05-22 16:46:24','2020-07-13 19:19:33',1,1,0),(17,'Conclusion','<p>Something.\r\n</p>',16,'conclusion','2020-05-22 16:46:24','2020-07-12 23:15:48',1,1,0),(18,'Cultural Events','<p>Events caused by Mankind or happened to Mankind.\r\nThese events include the towns created, historical landmarks such as wheeled transport, the domestication of plants and animals and other events which show that Man made a change in their perception of the universe.\r\n</p>',17,'cultural','2020-05-22 16:46:24','2020-07-12 23:16:07',1,1,1),(19,'Timeline','<p>Earth related events such as volcanic eruptions, earthquakes, tsunamis, impact events, etc.\r\nAdditionally, climate changes are included.\r\n</p>',18,'timeline','2020-05-22 16:47:00','2020-07-12 23:16:29',1,1,1),(20,'Volcanos and Rocks, Big Rocks','<p>Climate is usually a pretty stable system.  \r\nOscillations do occurs, yet they are predictable.  \r\nSometime things happen which affect the climate, but are not predictable.  \r\nSuch things as volcanic eruptions and impact events from space do leave their mark on the climate and have a profound impact on history.</p>',19,'volcanoes_impacts','2020-05-22 16:47:51','2020-07-12 23:16:50',1,1,1);
/*!40000 ALTER TABLE `chapters` ENABLE KEYS */;
UNLOCK TABLES;

--
-- Table structure for table `chapters_holocene_events`
--

DROP TABLE IF EXISTS `chapters_holocene_events`;
/*!40101 SET @saved_cs_client     = @@character_set_client */;
/*!40101 SET character_set_client = utf8 */;
CREATE TABLE `chapters_holocene_events` (
  `chapter_id` bigint(20) NOT NULL,
  `holocene_event_id` bigint(20) NOT NULL,
  KEY `index_chapter_holocene_event_1` (`chapter_id`,`holocene_event_id`),
  KEY `index_chapter_holocene_event_2` (`holocene_event_id`,`chapter_id`)
) ENGINE=InnoDB DEFAULT CHARSET=utf8mb4 COLLATE=utf8mb4_unicode_ci;
/*!40101 SET character_set_client = @saved_cs_client */;

--
-- Dumping data for table `chapters_holocene_events`
--

LOCK TABLES `chapters_holocene_events` WRITE;
/*!40000 ALTER TABLE `chapters_holocene_events` DISABLE KEYS */;
INSERT INTO `chapters_holocene_events` VALUES (6,8),(6,26),(6,54),(6,55),(6,56),(6,57),(6,58),(6,59),(6,60),(6,61),(6,62),(6,63),(6,64),(6,65),(6,66),(6,67),(6,68),(6,69),(6,70),(9,96),(9,97),(9,98),(9,99),(9,100),(12,103),(12,104),(12,105),(12,106),(12,107),(12,108),(18,2),(18,3),(18,4),(18,8),(18,11),(18,12),(18,13),(18,14),(18,15),(18,16),(18,17),(18,18),(18,19),(18,20),(18,21),(18,22),(18,23),(18,24),(18,25),(18,27),(18,29),(18,30),(18,31),(18,33),(18,34),(18,35),(18,36),(18,37),(18,38),(18,39),(18,40),(18,41),(18,42),(18,43),(18,44),(18,45),(18,46),(18,47),(18,48),(18,49),(18,50),(18,51),(18,52),(18,53),(18,56),(18,58),(18,58),(18,75),(18,76),(18,78),(18,79),(18,80),(18,88),(18,106),(18,107),(18,108),(18,113),(18,114),(18,122),(18,123),(18,124),(18,125),(18,126),(18,127),(18,128),(18,129),(18,135),(18,136),(18,137),(18,138),(18,139),(18,140),(18,141),(18,142),(18,143),(18,144),(18,145),(18,146),(18,147),(18,148),(18,149),(18,150),(18,151),(18,152),(18,153),(18,154),(18,155),(18,156),(18,157),(18,158),(18,159),(18,160),(18,161),(18,162),(18,163),(18,164),(18,165),(18,166),(18,167),(18,168),(18,168),(18,169),(18,170),(18,171),(18,172),(18,173),(18,174),(18,175),(18,176),(18,177),(18,178),(18,179),(18,180),(18,181),(18,182),(18,183),(18,184),(18,185),(18,186),(18,187),(18,188),(18,189),(18,190),(18,191),(18,192),(18,193),(18,194),(18,195),(18,196),(18,197),(18,198),(18,199),(18,200),(18,201),(18,202),(18,203),(18,204),(18,205),(18,206),(18,207),(18,208),(18,209),(18,210),(18,211),(18,212),(18,213),(18,214),(18,215),(18,216),(18,217),(18,218),(18,219),(18,220),(18,221),(18,222),(18,223),(18,224),(18,225),(18,226),(18,227),(18,228),(18,229),(18,230),(18,231),(18,232),(18,233),(18,234),(18,235),(18,236),(18,237),(18,238),(18,239),(18,240),(18,241),(18,242),(19,1),(19,5),(19,6),(19,7),(19,8),(19,9),(19,10),(19,26),(19,32),(19,61),(19,62),(19,63),(19,64),(19,72),(19,77),(19,81),(19,82),(19,96),(19,98),(19,109),(19,115),(19,119),(19,120),(19,121),(19,130),(19,131),(19,243),(19,244),(19,245),(19,246),(19,247),(19,248),(19,249),(19,250),(19,251),(19,252),(19,253),(19,254),(19,255),(19,256),(19,257),(19,258),(19,259),(19,260),(19,261),(19,262),(19,263),(19,264),(19,265),(19,266),(19,267),(19,268),(19,269),(19,270),(19,271),(19,272),(19,273),(19,275),(19,276),(19,277),(19,278),(19,279),(19,280),(19,281),(19,282),(19,283),(19,284),(19,285),(19,286),(19,287),(19,288),(19,289),(19,290),(19,291),(19,292),(19,293),(19,294),(19,295),(19,296),(19,297),(19,298),(19,299),(19,300),(19,301),(19,302),(19,303),(19,304),(19,305),(19,306),(19,307),(19,308),(19,309),(19,310),(19,311),(19,312),(19,313),(19,314),(19,315),(19,316),(19,317),(19,318),(19,319),(19,320),(19,321),(19,322),(19,323),(19,324),(19,325),(19,326),(19,327),(19,328),(19,329),(19,330),(19,331),(19,332),(19,333),(19,334),(19,335),(19,336),(19,337),(19,338),(19,339),(19,340),(19,341),(19,342),(19,343),(19,344),(19,345),(19,346),(19,347),(19,348),(19,349),(19,350),(19,351),(19,352),(19,353),(19,354),(19,355),(19,356),(19,357),(19,358),(19,359),(19,360),(19,361),(19,362),(19,363),(19,364),(19,365),(19,366),(19,367),(19,368),(19,369),(19,370),(19,371),(19,372),(19,373),(19,374),(19,375),(19,376),(19,377),(19,378),(19,379),(19,380),(19,381),(19,382),(19,383),(19,384),(19,385),(19,386),(19,387),(19,388),(19,389),(19,390),(19,391),(19,392),(19,393),(19,394),(19,395),(19,396),(19,397),(19,398),(19,399),(19,400),(19,401),(19,402),(19,403),(19,404);
/*!40000 ALTER TABLE `chapters_holocene_events` ENABLE KEYS */;
UNLOCK TABLES;

--
-- Table structure for table `chapters_timelines`
--

DROP TABLE IF EXISTS `chapters_timelines`;
/*!40101 SET @saved_cs_client     = @@character_set_client */;
/*!40101 SET character_set_client = utf8 */;
CREATE TABLE `chapters_timelines` (
  `chapter_id` bigint(20) NOT NULL,
  `timeline_id` bigint(20) NOT NULL,
  KEY `index_chapter_timeline_1` (`chapter_id`,`timeline_id`),
  KEY `index_chapter_timeline_2` (`timeline_id`,`chapter_id`)
) ENGINE=InnoDB DEFAULT CHARSET=utf8mb4 COLLATE=utf8mb4_unicode_ci;
/*!40101 SET character_set_client = @saved_cs_client */;

--
-- Dumping data for table `chapters_timelines`
--

LOCK TABLES `chapters_timelines` WRITE;
/*!40000 ALTER TABLE `chapters_timelines` DISABLE KEYS */;
/*!40000 ALTER TABLE `chapters_timelines` ENABLE KEYS */;
UNLOCK TABLES;

--
-- Table structure for table `epochs`
--

DROP TABLE IF EXISTS `epochs`;
/*!40101 SET @saved_cs_client     = @@character_set_client */;
/*!40101 SET character_set_client = utf8 */;
CREATE TABLE `epochs` (
  `id` bigint(20) NOT NULL AUTO_INCREMENT,
  `name` varchar(255) COLLATE utf8mb4_unicode_ci DEFAULT NULL,
  `start_date` int(11) DEFAULT NULL,
  `end_date` int(11) DEFAULT NULL,
  `body` text COLLATE utf8mb4_unicode_ci DEFAULT NULL,
  `created_at` datetime NOT NULL,
  `updated_at` datetime NOT NULL,
  `user_id` int(11) DEFAULT NULL,
  PRIMARY KEY (`id`)
) ENGINE=InnoDB AUTO_INCREMENT=19 DEFAULT CHARSET=utf8mb4 COLLATE=utf8mb4_unicode_ci;
/*!40101 SET character_set_client = @saved_cs_client */;

--
-- Dumping data for table `epochs`
--

LOCK TABLES `epochs` WRITE;
/*!40000 ALTER TABLE `epochs` DISABLE KEYS */;
INSERT INTO `epochs` VALUES (1,'Roman Republic',-509,-27,NULL,'2020-05-22 16:45:38','2020-05-22 16:45:38',1),(2,'Roman Empire',-27,395,NULL,'2020-05-22 16:45:38','2020-05-22 16:45:38',1),(3,'Western Roman Empire',395,480,NULL,'2020-05-22 16:45:38','2020-05-22 16:45:38',1),(4,'Eastern Roman Empire',395,1453,NULL,'2020-05-22 16:45:38','2020-05-22 16:45:38',1),(5,'Bronze Age',-3300,-1200,NULL,'2020-05-22 16:45:38','2020-05-22 16:45:38',1),(6,'Early Bronze Age',-3300,-2100,NULL,'2020-05-22 16:45:38','2020-05-22 16:45:38',1),(7,'Middle Bronze Age',-2100,-1550,NULL,'2020-05-22 16:45:38','2020-05-22 16:45:38',1),(8,'Late Bronze Age',-1550,-1200,NULL,'2020-05-22 16:45:38','2020-05-22 16:45:38',1),(9,'Iron Age',-1200,-550,NULL,'2020-05-22 16:45:38','2020-05-22 16:45:38',1),(10,'Egypt: Early Dynatstic Period',-3150,-2686,NULL,'2020-05-22 16:45:38','2020-05-22 16:45:38',1),(11,'Egypt: Old Kingdom',-2686,-2181,NULL,'2020-05-22 16:45:38','2020-05-22 16:45:38',1),(12,'Egypt: 1st Intermediate Period',-2181,-2055,NULL,'2020-05-22 16:45:38','2020-05-22 16:45:38',1),(13,'Egypt: Middle Kingdom',-2055,-1650,NULL,'2020-05-22 16:45:38','2020-05-22 16:45:38',1),(14,'Egypt: 2nd Intermediate Period',-1650,-1550,NULL,'2020-05-22 16:45:38','2020-05-22 16:45:38',1),(15,'Egypt: New Kingdom',-1550,-1069,NULL,'2020-05-22 16:45:38','2020-05-22 16:45:38',1),(16,'Egypt: 3rd Intermediate Period',-1069,-744,NULL,'2020-05-22 16:45:38','2020-05-22 16:45:38',1),(17,'Egypt: Kushite Egypt',-744,-656,NULL,'2020-05-22 16:45:38','2020-05-22 16:45:38',1),(18,'Egypt: Twenty-sixth Dynasty of Egypt',-664,-525,NULL,'2020-05-22 16:45:38','2020-05-22 16:45:38',1);
/*!40000 ALTER TABLE `epochs` ENABLE KEYS */;
UNLOCK TABLES;

--
-- Table structure for table `epochs_timelines`
--

DROP TABLE IF EXISTS `epochs_timelines`;
/*!40101 SET @saved_cs_client     = @@character_set_client */;
/*!40101 SET character_set_client = utf8 */;
CREATE TABLE `epochs_timelines` (
  `epoch_id` bigint(20) NOT NULL,
  `timeline_id` bigint(20) NOT NULL,
  KEY `index_epoch_timeline_1` (`epoch_id`,`timeline_id`),
  KEY `index_epoch_timeline_2` (`timeline_id`,`epoch_id`)
) ENGINE=InnoDB DEFAULT CHARSET=utf8mb4 COLLATE=utf8mb4_unicode_ci;
/*!40101 SET character_set_client = @saved_cs_client */;

--
-- Dumping data for table `epochs_timelines`
--

LOCK TABLES `epochs_timelines` WRITE;
/*!40000 ALTER TABLE `epochs_timelines` DISABLE KEYS */;
/*!40000 ALTER TABLE `epochs_timelines` ENABLE KEYS */;
UNLOCK TABLES;

--
-- Table structure for table `event_types`
--

DROP TABLE IF EXISTS `event_types`;
/*!40101 SET @saved_cs_client     = @@character_set_client */;
/*!40101 SET character_set_client = utf8 */;
CREATE TABLE `event_types` (
  `id` bigint(20) NOT NULL AUTO_INCREMENT,
  `name` varchar(255) COLLATE utf8mb4_unicode_ci DEFAULT NULL,
  `body` text COLLATE utf8mb4_unicode_ci DEFAULT NULL,
  `created_at` datetime NOT NULL,
  `updated_at` datetime NOT NULL,
  `user_id` int(11) DEFAULT NULL,
  PRIMARY KEY (`id`)
) ENGINE=InnoDB AUTO_INCREMENT=11 DEFAULT CHARSET=utf8mb4 COLLATE=utf8mb4_unicode_ci;
/*!40101 SET character_set_client = @saved_cs_client */;

--
-- Dumping data for table `event_types`
--

LOCK TABLES `event_types` WRITE;
/*!40000 ALTER TABLE `event_types` DISABLE KEYS */;
INSERT INTO `event_types` VALUES (1,'Impact',NULL,'2020-05-22 16:45:36','2020-05-22 16:45:36',1),(2,'Volcanic',NULL,'2020-05-22 16:45:36','2020-05-22 16:45:36',1),(3,'Climate',NULL,'2020-05-22 16:45:37','2020-05-22 16:45:37',1),(4,'Epidemic',NULL,'2020-05-22 16:45:37','2020-05-22 16:45:37',1),(5,'Cultural',NULL,'2020-05-22 16:45:37','2020-05-22 16:45:37',1),(6,'Biblical',NULL,'2020-05-22 16:45:37','2020-05-22 16:45:37',1),(7,'Earth',NULL,'2020-05-22 16:45:37','2020-05-22 16:45:37',1),(8,'Place',NULL,'2020-05-22 16:45:37','2020-05-22 16:45:37',1),(9,'Person',NULL,'2020-05-22 16:45:37','2020-05-22 16:45:37',1),(10,'Husbandry',NULL,'2020-05-22 16:45:37','2020-05-22 16:45:37',1);
/*!40000 ALTER TABLE `event_types` ENABLE KEYS */;
UNLOCK TABLES;

--
-- Table structure for table `event_types_holocene_events`
--

DROP TABLE IF EXISTS `event_types_holocene_events`;
/*!40101 SET @saved_cs_client     = @@character_set_client */;
/*!40101 SET character_set_client = utf8 */;
CREATE TABLE `event_types_holocene_events` (
  `event_type_id` bigint(20) NOT NULL,
  `holocene_event_id` bigint(20) NOT NULL,
  KEY `index_event_type_holocene_event_1` (`event_type_id`,`holocene_event_id`),
  KEY `index_event_type_holocene_event_2` (`holocene_event_id`,`event_type_id`)
) ENGINE=InnoDB DEFAULT CHARSET=utf8mb4 COLLATE=utf8mb4_unicode_ci;
/*!40101 SET character_set_client = @saved_cs_client */;

--
-- Dumping data for table `event_types_holocene_events`
--

LOCK TABLES `event_types_holocene_events` WRITE;
/*!40000 ALTER TABLE `event_types_holocene_events` DISABLE KEYS */;
INSERT INTO `event_types_holocene_events` VALUES (1,8),(1,72),(1,82),(1,109),(1,253),(1,254),(1,255),(1,256),(1,257),(1,258),(1,259),(1,260),(1,261),(1,263),(1,264),(1,266),(1,267),(1,268),(1,269),(1,270),(1,271),(1,272),(1,273),(1,275),(1,276),(1,277),(1,349),(1,370),(1,371),(1,380),(1,406),(2,62),(2,63),(2,64),(2,69),(2,96),(2,115),(2,130),(2,243),(2,244),(2,245),(2,246),(2,279),(2,285),(2,287),(2,288),(2,289),(2,290),(2,291),(2,292),(2,293),(2,294),(2,295),(2,296),(2,297),(2,298),(2,299),(2,300),(2,301),(2,302),(2,303),(2,304),(2,305),(2,306),(2,307),(2,308),(2,309),(2,310),(2,311),(2,312),(2,313),(2,314),(2,315),(2,316),(2,317),(2,318),(2,319),(2,320),(2,321),(2,322),(2,323),(2,324),(2,325),(2,326),(2,327),(2,328),(2,329),(2,330),(2,331),(2,332),(2,333),(2,334),(2,335),(2,336),(2,337),(2,338),(2,339),(2,340),(2,346),(2,350),(2,359),(2,362),(2,363),(2,367),(2,368),(2,369),(2,372),(2,381),(2,405),(3,1),(3,5),(3,6),(3,7),(3,10),(3,26),(3,32),(3,61),(3,77),(3,81),(3,98),(3,120),(3,131),(3,144),(3,247),(3,280),(3,281),(3,282),(3,283),(3,284),(3,286),(3,341),(3,342),(3,344),(3,345),(3,347),(3,348),(3,352),(3,353),(3,354),(3,356),(3,360),(3,361),(3,364),(3,365),(3,373),(3,374),(3,375),(3,376),(3,377),(3,378),(3,411),(4,104),(4,105),(4,143),(4,187),(4,188),(4,189),(4,220),(4,234),(4,236),(4,240),(5,2),(5,4),(5,11),(5,14),(5,16),(5,17),(5,18),(5,19),(5,20),(5,21),(5,25),(5,28),(5,36),(5,37),(5,43),(5,44),(5,49),(5,50),(5,51),(5,60),(5,75),(5,76),(5,79),(5,83),(5,84),(5,85),(5,86),(5,87),(5,88),(5,89),(5,90),(5,97),(5,100),(5,106),(5,107),(5,108),(5,114),(5,116),(5,117),(5,122),(5,123),(5,124),(5,125),(5,126),(5,127),(5,128),(5,129),(5,132),(5,134),(5,135),(5,137),(5,138),(5,139),(5,141),(5,142),(5,145),(5,146),(5,147),(5,148),(5,149),(5,150),(5,154),(5,155),(5,156),(5,157),(5,158),(5,159),(5,160),(5,161),(5,162),(5,163),(5,169),(5,170),(5,171),(5,172),(5,173),(5,176),(5,196),(5,197),(5,198),(5,199),(5,200),(5,219),(5,221),(5,222),(5,223),(5,225),(5,229),(5,236),(5,237),(5,238),(5,239),(5,240),(5,407),(5,408),(5,409),(5,410),(6,54),(6,55),(6,57),(6,59),(6,65),(6,66),(6,67),(6,68),(6,70),(6,74),(6,91),(6,92),(6,93),(6,94),(6,95),(6,99),(6,101),(6,102),(6,103),(6,110),(6,111),(6,112),(6,113),(6,114),(6,116),(7,9),(7,70),(7,71),(7,73),(7,118),(7,119),(7,121),(7,133),(7,191),(7,215),(7,248),(7,249),(7,250),(7,251),(7,252),(7,262),(7,343),(7,351),(7,355),(7,358),(7,366),(7,379),(7,382),(7,383),(7,384),(7,385),(7,386),(7,387),(7,388),(7,389),(7,390),(7,391),(7,392),(7,393),(7,394),(7,395),(7,396),(7,397),(7,398),(7,399),(7,400),(7,401),(7,402),(7,403),(7,404),(8,12),(8,13),(8,15),(8,22),(8,23),(8,24),(8,27),(8,29),(8,30),(8,31),(8,33),(8,34),(8,35),(8,38),(8,39),(8,40),(8,41),(8,42),(8,45),(8,46),(8,47),(8,48),(8,52),(8,53),(8,56),(8,58),(8,62),(8,63),(8,64),(8,72),(8,80),(8,82),(8,96),(8,102),(8,109),(8,115),(8,130),(8,140),(8,151),(8,153),(8,165),(8,168),(8,175),(8,177),(8,178),(8,179),(8,180),(8,181),(8,181),(8,182),(8,184),(8,185),(8,208),(8,212),(8,213),(8,217),(8,218),(8,221),(8,224),(8,226),(8,227),(8,228),(8,230),(8,232),(8,235),(8,241),(8,242),(8,243),(8,244),(8,245),(8,253),(8,254),(8,255),(8,256),(8,257),(8,258),(8,259),(8,260),(8,261),(8,263),(8,271),(8,279),(8,285),(8,287),(8,288),(8,289),(8,290),(8,291),(8,292),(8,293),(8,294),(8,295),(8,296),(8,297),(8,298),(8,299),(8,300),(8,301),(8,302),(8,303),(8,304),(8,305),(8,306),(8,307),(8,308),(8,309),(8,310),(8,311),(8,312),(8,313),(8,314),(8,315),(8,316),(8,317),(8,318),(8,319),(8,320),(8,321),(8,322),(8,323),(8,324),(8,325),(8,326),(8,327),(8,328),(8,329),(8,330),(8,331),(8,332),(8,333),(8,334),(8,335),(8,336),(8,337),(8,338),(8,339),(8,340),(8,346),(8,349),(8,350),(8,357),(8,359),(8,362),(8,367),(8,368),(8,369),(8,371),(8,372),(8,380),(8,381),(9,78),(9,91),(9,92),(9,93),(9,94),(9,95),(9,101),(9,112),(9,113),(9,136),(9,152),(9,164),(9,166),(9,167),(9,183),(9,186),(9,190),(9,201),(9,231),(10,3),(10,174),(10,192),(10,193),(10,194),(10,195),(10,202),(10,203),(10,204),(10,205),(10,206),(10,207),(10,209),(10,210),(10,211),(10,214),(10,216),(10,233);
/*!40000 ALTER TABLE `event_types_holocene_events` ENABLE KEYS */;
UNLOCK TABLES;

--
-- Table structure for table `event_types_timelines`
--

DROP TABLE IF EXISTS `event_types_timelines`;
/*!40101 SET @saved_cs_client     = @@character_set_client */;
/*!40101 SET character_set_client = utf8 */;
CREATE TABLE `event_types_timelines` (
  `event_type_id` bigint(20) NOT NULL,
  `timeline_id` bigint(20) NOT NULL,
  KEY `index_event_type_timeline_1` (`event_type_id`,`timeline_id`),
  KEY `index_event_type_timeline_2` (`timeline_id`,`event_type_id`)
) ENGINE=InnoDB DEFAULT CHARSET=utf8mb4 COLLATE=utf8mb4_unicode_ci;
/*!40101 SET character_set_client = @saved_cs_client */;

--
-- Dumping data for table `event_types_timelines`
--

LOCK TABLES `event_types_timelines` WRITE;
/*!40000 ALTER TABLE `event_types_timelines` DISABLE KEYS */;
/*!40000 ALTER TABLE `event_types_timelines` ENABLE KEYS */;
UNLOCK TABLES;

--
-- Table structure for table `footnotes`
--

DROP TABLE IF EXISTS `footnotes`;
/*!40101 SET @saved_cs_client     = @@character_set_client */;
/*!40101 SET character_set_client = utf8 */;
CREATE TABLE `footnotes` (
  `id` bigint(20) NOT NULL AUTO_INCREMENT,
  `slug` varchar(255) COLLATE utf8mb4_unicode_ci DEFAULT NULL,
  `body` text COLLATE utf8mb4_unicode_ci DEFAULT NULL,
  `noted_type` varchar(255) COLLATE utf8mb4_unicode_ci DEFAULT NULL,
  `noted_id` bigint(20) DEFAULT NULL,
  `biblioentry_id` bigint(20) DEFAULT NULL,
  `created_at` datetime NOT NULL,
  `updated_at` datetime NOT NULL,
  PRIMARY KEY (`id`),
  KEY `index_footnotes_on_biblioentry_id` (`biblioentry_id`),
  KEY `index_footnotes_on_noted_type_and_noted_id` (`noted_type`,`noted_id`)
) ENGINE=InnoDB AUTO_INCREMENT=134 DEFAULT CHARSET=utf8mb4 COLLATE=utf8mb4_unicode_ci;
/*!40101 SET character_set_client = @saved_cs_client */;

--
-- Dumping data for table `footnotes`
--

LOCK TABLES `footnotes` WRITE;
/*!40000 ALTER TABLE `footnotes` DISABLE KEYS */;
INSERT INTO `footnotes` VALUES (1,'','','Chapter',2,17,'2020-05-22 16:45:49','2020-05-22 16:45:49'),(2,'','','Chapter',2,8,'2020-05-22 16:45:49','2020-05-22 16:45:49'),(3,'','','Chapter',2,9,'2020-05-22 16:45:50','2020-05-22 16:45:50'),(4,'','','Chapter',2,10,'2020-05-22 16:45:50','2020-05-22 16:45:50'),(5,'','','Chapter',2,11,'2020-05-22 16:45:50','2020-05-22 16:45:50'),(6,'','','Chapter',3,49,'2020-05-22 16:45:50','2020-05-22 16:45:50'),(7,'hbu27ukVMd','usselo2007','Section',2,NULL,'2020-05-22 16:45:52','2020-05-22 16:45:52'),(8,'','','Chapter',4,46,'2020-05-22 16:45:53','2020-05-22 16:45:53'),(9,'','','Chapter',4,49,'2020-05-22 16:45:53','2020-05-22 16:45:53'),(10,'','','Chapter',4,48,'2020-05-22 16:45:53','2020-05-22 16:45:53'),(11,'','','Chapter',4,50,'2020-05-22 16:45:53','2020-05-22 16:45:53'),(12,'YK4DQ5UdLK','FoxSay','Chapter',4,NULL,'2020-05-22 16:45:53','2020-05-22 16:45:53'),(13,'Lwzv5Agp8y','usselo2007','Section',4,NULL,'2020-05-22 16:45:53','2020-05-22 16:45:53'),(14,'KnQamgwbBD','K8538','Section',5,NULL,'2020-05-22 16:45:54','2020-05-22 16:45:54'),(15,'','','Chapter',5,47,'2020-05-22 16:45:56','2020-05-22 16:45:56'),(16,'','','Chapter',5,45,'2020-05-22 16:45:56','2020-05-22 16:45:56'),(17,'','','Chapter',5,2,'2020-05-22 16:45:56','2020-05-22 16:45:56'),(18,'','','Chapter',5,30,'2020-05-22 16:45:56','2020-05-22 16:45:56'),(19,'','','Chapter',5,46,'2020-05-22 16:45:56','2020-05-22 16:45:56'),(20,'','','Chapter',5,48,'2020-05-22 16:45:56','2020-05-22 16:45:56'),(21,'','','Chapter',5,38,'2020-05-22 16:45:56','2020-05-22 16:45:56'),(22,'','','Chapter',5,21,'2020-05-22 16:45:56','2020-05-22 16:45:56'),(23,'','','Chapter',5,37,'2020-05-22 16:45:56','2020-05-22 16:45:56'),(24,'33xTvxWVEB','OrionCor','Section',6,NULL,'2020-05-22 16:45:56','2020-05-22 16:45:56'),(25,'D794GMvCWT','nabtaplayagps','Section',7,NULL,'2020-05-22 16:45:56','2020-05-22 16:45:56'),(26,'','','Chapter',6,35,'2020-05-22 16:46:02','2020-05-22 16:46:02'),(27,'','','Chapter',7,35,'2020-05-22 16:46:08','2020-05-22 16:46:08'),(28,'','','Chapter',7,33,'2020-05-22 16:46:08','2020-05-22 16:46:08'),(29,'','','Chapter',7,34,'2020-05-22 16:46:08','2020-05-22 16:46:08'),(30,'','','Chapter',8,50,'2020-05-22 16:46:10','2020-05-22 16:46:10'),(31,'','','Chapter',8,5,'2020-05-22 16:46:10','2020-05-22 16:46:10'),(32,'LHxs5qB5Kq','K8538','Section',27,NULL,'2020-05-22 16:46:10','2020-05-22 16:46:10'),(34,'','','Chapter',9,28,'2020-05-22 16:46:14','2020-07-09 18:11:06'),(36,'','','Chapter',9,39,'2020-05-22 16:46:14','2020-07-09 18:11:06'),(37,'','','Chapter',9,23,'2020-05-22 16:46:14','2020-07-09 18:11:06'),(38,'','','Chapter',9,41,'2020-05-22 16:46:14','2020-07-09 18:11:06'),(39,'','','Chapter',9,35,'2020-05-22 16:46:16','2020-07-09 18:11:06'),(40,'','','Chapter',12,35,'2020-05-22 16:46:17','2020-05-22 16:46:17'),(41,'','','Chapter',13,1,'2020-05-22 16:46:23','2020-07-09 18:16:52'),(42,'dGgKUsXtCP','morrow2015','Section',47,NULL,'2020-05-22 16:46:23','2020-05-22 16:46:23'),(43,'','','Chapter',15,35,'2020-05-22 16:46:24','2020-05-22 16:46:24'),(44,'','','Chapter',15,31,'2020-05-22 16:46:24','2020-05-22 16:46:24'),(45,'','','Chapter',15,32,'2020-05-22 16:46:24','2020-05-22 16:46:24'),(46,'','','Chapter',18,49,'2020-05-22 16:46:24','2020-05-22 16:46:24'),(47,'','','Chapter',18,46,'2020-05-22 16:46:24','2020-05-22 16:46:24'),(48,'','','Chapter',18,48,'2020-05-22 16:46:24','2020-05-22 16:46:24'),(49,'','','Chapter',18,50,'2020-05-22 16:46:24','2020-05-22 16:46:24'),(50,'q7kd078mgG','K8538','HoloceneEvent',16,NULL,'2020-05-22 16:46:33','2020-05-22 16:46:33'),(51,'ShLHch0MwY','GobekliCult','HoloceneEvent',14,NULL,'2020-05-22 16:46:42','2020-05-22 16:46:42'),(52,'G0wrhvCmHm','FoxSay','HoloceneEvent',11,NULL,'2020-05-22 16:46:53','2020-05-22 16:46:53'),(53,'','','HoloceneEvent',240,7,'2020-05-22 16:46:59','2020-05-22 16:46:59'),(54,'','','HoloceneEvent',240,29,'2020-05-22 16:46:59','2020-05-22 16:46:59'),(55,'','','Chapter',19,4,'2020-05-22 16:47:00','2020-05-22 16:47:00'),(56,'','','Chapter',19,41,'2020-05-22 16:47:00','2020-05-22 16:47:00'),(57,'','','Chapter',19,23,'2020-05-22 16:47:00','2020-05-22 16:47:00'),(58,'','','Chapter',19,18,'2020-05-22 16:47:00','2020-05-22 16:47:00'),(59,'','','Chapter',19,5,'2020-05-22 16:47:00','2020-05-22 16:47:00'),(60,'nbQKgFg91m','HoloceneEruptions','HoloceneEvent',243,NULL,'2020-05-22 16:47:01','2020-05-22 16:47:01'),(61,'JekYG6vpkH','HoloceneEruptions','HoloceneEvent',244,NULL,'2020-05-22 16:47:01','2020-05-22 16:47:01'),(62,'6bLUDpL6hN','HoloceneEruptions','HoloceneEvent',245,NULL,'2020-05-22 16:47:02','2020-05-22 16:47:02'),(63,'QTVHNKe8py','HoloceneEruptions','HoloceneEvent',246,NULL,'2020-05-22 16:47:02','2020-05-22 16:47:02'),(64,'','','HoloceneEvent',249,4,'2020-05-22 16:47:03','2020-05-22 16:47:03'),(65,'','','HoloceneEvent',250,4,'2020-05-22 16:47:04','2020-05-22 16:47:04'),(66,'','','HoloceneEvent',251,4,'2020-05-22 16:47:04','2020-05-22 16:47:04'),(67,'TxxAVftJaS','HoloceneEruptions','HoloceneEvent',64,NULL,'2020-05-22 16:47:11','2020-05-22 16:47:11'),(68,'0BGqbZBSqE','HoloceneEruptions','HoloceneEvent',285,NULL,'2020-05-22 16:47:12','2020-05-22 16:47:12'),(69,'MuCXgnUyQh','HoloceneEruptions','HoloceneEvent',287,NULL,'2020-05-22 16:47:13','2020-05-22 16:47:13'),(70,'Wz5LMFcApb','HoloceneEruptions','HoloceneEvent',290,NULL,'2020-05-22 16:47:14','2020-05-22 16:47:14'),(71,'','','HoloceneEvent',291,23,'2020-05-22 16:47:14','2020-05-22 16:47:14'),(72,'9fk7xHvsAZ','HoloceneEruptions','HoloceneEvent',291,NULL,'2020-05-22 16:47:14','2020-05-22 16:47:14'),(73,'gf4bryK5tC','','HoloceneEvent',291,23,'2020-05-22 16:47:14','2020-05-22 16:47:14'),(74,'','','HoloceneEvent',292,23,'2020-05-22 16:47:14','2020-05-22 16:47:14'),(75,'CQ3jaLkpPn','HoloceneEruptions','HoloceneEvent',292,NULL,'2020-05-22 16:47:14','2020-05-22 16:47:14'),(76,'0Zduuy6mst','Volcano Weather: the story of 1816, the year without a summer','HoloceneEvent',292,23,'2020-05-22 16:47:14','2020-05-22 16:47:14'),(77,'9KDLD5RYLB','HoloceneEruptions','HoloceneEvent',294,NULL,'2020-05-22 16:47:15','2020-05-22 16:47:15'),(78,'r5TmcauKt4','HoloceneEruptions','HoloceneEvent',295,NULL,'2020-05-22 16:47:15','2020-05-22 16:47:15'),(79,'mGH7r6JEFj','HoloceneEruptions','HoloceneEvent',296,NULL,'2020-05-22 16:47:16','2020-05-22 16:47:16'),(80,'NwhvS5zKPR','HoloceneEruptions','HoloceneEvent',297,NULL,'2020-05-22 16:47:16','2020-05-22 16:47:16'),(81,'X66SAPQhRX','HoloceneEruptions','HoloceneEvent',298,NULL,'2020-05-22 16:47:16','2020-05-22 16:47:16'),(82,'q4zVBxsZ1s','HoloceneEruptions','HoloceneEvent',301,NULL,'2020-05-22 16:47:17','2020-05-22 16:47:17'),(83,'MS8Rnf7f1d','HoloceneEruptions','HoloceneEvent',306,NULL,'2020-05-22 16:47:19','2020-05-22 16:47:19'),(84,'SDXC7JBHX4','HoloceneEruptions','HoloceneEvent',310,NULL,'2020-05-22 16:47:20','2020-05-22 16:47:20'),(85,'vZkcNDhsWk','HoloceneEruptions','HoloceneEvent',311,NULL,'2020-05-22 16:47:20','2020-05-22 16:47:20'),(86,'9fx8mttdzU','HoloceneEruptions','HoloceneEvent',312,NULL,'2020-05-22 16:47:20','2020-05-22 16:47:20'),(87,'6WZ9Md0RU1','HoloceneEruptions','HoloceneEvent',313,NULL,'2020-05-22 16:47:21','2020-05-22 16:47:21'),(88,'RjDbYVx8Hm','HoloceneEruptions','HoloceneEvent',316,NULL,'2020-05-22 16:47:22','2020-05-22 16:47:22'),(89,'QexeTm5wZG','HoloceneEruptions','HoloceneEvent',317,NULL,'2020-05-22 16:47:22','2020-05-22 16:47:22'),(90,'zhfRxc2Yet','HoloceneEruptions','HoloceneEvent',318,NULL,'2020-05-22 16:47:22','2020-05-22 16:47:22'),(91,'tL7yL7ugNq','HoloceneEruptions','HoloceneEvent',319,NULL,'2020-05-22 16:47:23','2020-05-22 16:47:23'),(92,'2Ata0A7NyR','HoloceneEruptions','HoloceneEvent',320,NULL,'2020-05-22 16:47:23','2020-05-22 16:47:23'),(93,'NXYmfYXjZa','HoloceneEruptions','HoloceneEvent',322,NULL,'2020-05-22 16:47:24','2020-05-22 16:47:24'),(94,'08Ff2g7bGZ','HoloceneEruptions','HoloceneEvent',323,NULL,'2020-05-22 16:47:24','2020-05-22 16:47:24'),(95,'cMszZDhtu3','HoloceneEruptions','HoloceneEvent',326,NULL,'2020-05-22 16:47:26','2020-05-22 16:47:26'),(96,'quKqabJ8Sv','HoloceneEruptions','HoloceneEvent',327,NULL,'2020-05-22 16:47:26','2020-05-22 16:47:26'),(97,'0UCY4kLB4E','HoloceneEruptions','HoloceneEvent',328,NULL,'2020-05-22 16:47:27','2020-05-22 16:47:27'),(98,'Cm7P0zCfy5','HoloceneEruptions','HoloceneEvent',329,NULL,'2020-05-22 16:47:27','2020-05-22 16:47:27'),(99,'d23mswm7Gt','HoloceneEruptions','HoloceneEvent',330,NULL,'2020-05-22 16:47:27','2020-05-22 16:47:27'),(100,'RBM9FWNjbU','HoloceneEruptions','HoloceneEvent',331,NULL,'2020-05-22 16:47:28','2020-05-22 16:47:28'),(101,'fdjyKEZWDc','HoloceneEruptions','HoloceneEvent',332,NULL,'2020-05-22 16:47:28','2020-05-22 16:47:28'),(102,'VeatL22JUz','HoloceneEruptions','HoloceneEvent',334,NULL,'2020-05-22 16:47:29','2020-05-22 16:47:29'),(103,'Y23kpkhRbP','HoloceneEruptions','HoloceneEvent',335,NULL,'2020-05-22 16:47:30','2020-05-22 16:47:30'),(104,'0g4nrMkgJ9','HoloceneEruptions','HoloceneEvent',62,NULL,'2020-05-22 16:47:30','2020-05-22 16:47:30'),(105,'XSjcTa6mYu','HoloceneEruptions','HoloceneEvent',63,NULL,'2020-05-22 16:47:31','2020-05-22 16:47:31'),(106,'ngbtgAQM4r','HoloceneEruptions','HoloceneEvent',338,NULL,'2020-05-22 16:47:33','2020-05-22 16:47:33'),(107,'R8J65kGddW','HoloceneEruptions','HoloceneEvent',340,NULL,'2020-05-22 16:47:34','2020-05-22 16:47:34'),(108,'1RFFDjWrJp','Baillie1999','HoloceneEvent',344,NULL,'2020-05-22 16:47:34','2020-05-22 16:47:34'),(109,'8d5UPbeLng','Baillie1999','HoloceneEvent',345,NULL,'2020-05-22 16:47:35','2020-05-22 16:47:35'),(110,'vnVMLnyyZW','HoloceneEruptions','HoloceneEvent',346,NULL,'2020-05-22 16:47:35','2020-05-22 16:47:35'),(111,'rFbHQ83a2j','Baillie1999','HoloceneEvent',347,NULL,'2020-05-22 16:47:36','2020-05-22 16:47:36'),(112,'BwsP8uG8zM','Baillie1999','HoloceneEvent',82,NULL,'2020-05-22 16:47:36','2020-05-22 16:47:36'),(113,'ArPwjP1FY3','Baillie1999','HoloceneEvent',348,NULL,'2020-05-22 16:47:36','2020-05-22 16:47:36'),(114,'nGExNcguQq','HoloceneEruptions','HoloceneEvent',96,NULL,'2020-05-22 16:47:37','2020-05-22 16:47:37'),(115,'JL6Vvnxaax','Baillie1999','HoloceneEvent',98,NULL,'2020-05-22 16:47:37','2020-05-22 16:47:37'),(116,'SkPxt8n594','HoloceneEruptions','HoloceneEvent',115,NULL,'2020-05-22 16:47:38','2020-05-22 16:47:38'),(117,'uLFk9KmM2L','HoloceneEruptions','HoloceneEvent',350,NULL,'2020-05-22 16:47:38','2020-05-22 16:47:38'),(118,'jeYY2Wvcc6','HoloceneEruptions','HoloceneEvent',130,NULL,'2020-05-22 16:47:39','2020-05-22 16:47:39'),(119,'GWxc0fkuvM','Baillie1999','HoloceneEvent',131,NULL,'2020-05-22 16:47:39','2020-05-22 16:47:39'),(120,'0J4sMf379g','HoloceneEruptions','HoloceneEvent',359,NULL,'2020-05-22 16:47:41','2020-05-22 16:47:41'),(121,'ZDzuwpnjuz','Baillie1999','HoloceneEvent',360,NULL,'2020-05-22 16:47:42','2020-05-22 16:47:42'),(122,'TNx7t2rPn4','HoloceneEruptions','HoloceneEvent',363,NULL,'2020-05-22 16:47:43','2020-05-22 16:47:43'),(123,'QhneQkKMpT','Baillie1999','HoloceneEvent',364,NULL,'2020-05-22 16:47:43','2020-05-22 16:47:43'),(124,'5qFBk81dCt','Baillie1999','HoloceneEvent',365,NULL,'2020-05-22 16:47:43','2020-05-22 16:47:43'),(125,'33QwY461G6','OlympiaEarthquake','HoloceneEvent',366,NULL,'2020-05-22 16:47:43','2020-05-22 16:47:43'),(126,'Uv1aPN0Z4x','HoloceneEruptions','HoloceneEvent',367,NULL,'2020-05-22 16:47:44','2020-05-22 16:47:44'),(127,'kmGBj9pPtf','HoloceneEruptions','HoloceneEvent',368,NULL,'2020-05-22 16:47:44','2020-05-22 16:47:44'),(128,'EHdrxf7KbJ','HoloceneEruptions','HoloceneEvent',369,NULL,'2020-05-22 16:47:44','2020-05-22 16:47:44'),(129,'E0st9RDzpS','Baillie1999','HoloceneEvent',370,NULL,'2020-05-22 16:47:45','2020-05-22 16:47:45'),(130,'','','Chapter',20,41,'2020-05-22 16:47:51','2020-05-22 16:47:51'),(131,'dGgKUsXtCP','','Section',57,1,'2020-05-30 15:27:47','2020-05-30 15:27:47');
/*!40000 ALTER TABLE `footnotes` ENABLE KEYS */;
UNLOCK TABLES;

--
-- Table structure for table `glossary_terms`
--

DROP TABLE IF EXISTS `glossary_terms`;
/*!40101 SET @saved_cs_client     = @@character_set_client */;
/*!40101 SET character_set_client = utf8 */;
CREATE TABLE `glossary_terms` (
  `id` bigint(20) NOT NULL AUTO_INCREMENT,
  `name` varchar(255) COLLATE utf8mb4_unicode_ci DEFAULT NULL,
  `body` text COLLATE utf8mb4_unicode_ci DEFAULT NULL,
  `see_id` int(11) DEFAULT NULL,
  `seealso_id` int(11) DEFAULT NULL,
  `acronym_id` int(11) DEFAULT NULL,
  `user_id` int(11) DEFAULT NULL,
  `book_id` int(11) DEFAULT NULL,
  `created_at` datetime NOT NULL,
  `updated_at` datetime NOT NULL,
  `term` varchar(255) COLLATE utf8mb4_unicode_ci DEFAULT NULL,
  PRIMARY KEY (`id`)
) ENGINE=InnoDB AUTO_INCREMENT=46 DEFAULT CHARSET=utf8mb4 COLLATE=utf8mb4_unicode_ci;
/*!40101 SET character_set_client = @saved_cs_client */;

--
-- Dumping data for table `glossary_terms`
--

LOCK TABLES `glossary_terms` WRITE;
/*!40000 ALTER TABLE `glossary_terms` DISABLE KEYS */;
INSERT INTO `glossary_terms` VALUES (1,'Zep Tepi','The Egyptian creation myth.  Zep Tepi is translated as \'the first occasion\'.',NULL,NULL,NULL,1,1,'2020-05-22 16:45:47','2020-05-22 16:45:47',''),(2,'menhir','A large upright stone which has been manipulated my mankind.     ',NULL,NULL,NULL,1,1,'2020-05-22 16:45:47','2020-05-22 16:45:47',''),(3,'Rebus Principle','The use of illustrated pictures with individual letters to depict words and/or phrases.   ',NULL,NULL,NULL,1,1,'2020-05-22 16:45:47','2020-05-22 16:45:47',''),(4,'Aridification','The process of a region becoming increasingly arid, or dry. It refers to long term change, rather than seasonal variation.',NULL,NULL,NULL,1,1,'2020-05-22 16:45:47','2020-05-22 16:45:47',''),(5,'Dendrochronology','The use of tree rings to reconstruct the date during which a piece of timber was cut.',NULL,NULL,NULL,1,1,'2020-05-22 16:45:48','2020-05-22 16:45:48',''),(6,'LHE','Eruptions of size 6 or greater.',NULL,NULL,NULL,1,1,'2020-05-22 16:45:48','2020-05-22 16:45:48','LHE'),(7,'Large Holocene Eruptions','Eruptions of size 6 or greater.',NULL,NULL,6,1,1,'2020-05-22 16:45:48','2020-05-22 16:45:48','lhe'),(8,'Archaeoastronomy','The study of archaeological sites and their relation to the sky.',NULL,NULL,NULL,1,1,'2020-05-22 16:45:48','2020-05-22 16:45:48',''),(9,'VEI','A numeric value denoting how large a volcanic explosion is compared to other explosions.  Indexes greater than 5 affect the global climate.',NULL,NULL,NULL,1,1,'2020-05-22 16:45:48','2020-05-22 16:45:48','VEI'),(10,'Volcanic Explosion Index','A numeric value denoting how large a volcanic explosion is compared to other explosions.  Indexes greater than 5 affect the global climate.',NULL,NULL,9,1,1,'2020-05-22 16:45:48','2020-05-22 16:45:48','vei'),(11,'Typhus','Spread by lice.  Rodents have lice which carry typhus. When the rodent is in close quarters with people, the disease is spread via the rodent lice turning to humans when the rodents die from the disease. . The rodent lice infect the human lice and the person sickens as a result.',NULL,NULL,NULL,1,1,'2020-05-22 16:45:48','2020-05-22 16:45:48','typhus'),(12,'Bubonic Plague','A disease caused by Yersinia pestis.  The name Black Death is due to the color of swollen lympth glands called buboes.',NULL,NULL,NULL,1,1,'2020-05-22 16:45:48','2020-05-22 16:45:48','bubonic plague'),(13,'Smallpox','A violent virus which is transmittable via any contaminated surface.',NULL,NULL,NULL,1,1,'2020-05-22 16:45:48','2020-05-22 16:45:48','smallpox'),(14,'Rio Tinto','A river in Spain which has a 50 km stretch that is mined for iron ore, gold, silver and heavy metals.  It has been mined since 3000 BC.',NULL,NULL,NULL,1,1,'2020-05-22 16:45:48','2020-05-22 16:45:48','rio tinto'),(15,'Tree Ring Event','A climate event in which it is very cold causing the tree to grow very little or not at all.',NULL,NULL,NULL,1,1,'2020-05-22 16:45:48','2020-05-22 16:45:48','tree ring event'),(16,'Bond Event','.',NULL,NULL,NULL,1,1,'2020-05-22 16:45:48','2020-05-22 16:45:48','bond event'),(17,'Global Winter','A climate event of cold which encompasses the entire planet.  No plant growth is observed.',NULL,NULL,NULL,1,1,'2020-05-22 16:45:48','2020-05-22 16:45:48','global winter'),(18,'Black Death','A plague of bubonic plague that happened in Eurasia in 1347 to 1351.',NULL,NULL,NULL,1,1,'2020-05-22 16:45:48','2020-05-22 16:45:48','black death'),(19,'Famine','An extreme scarcity of food.',NULL,NULL,NULL,1,1,'2020-05-22 16:45:48','2020-05-22 16:45:48','Famine'),(20,'Biblical Event','Any event mentioned in the Bible.',NULL,NULL,NULL,1,1,'2020-05-22 16:45:48','2020-05-22 16:45:48','Biblical Event'),(21,'Earth','An event related to Earth processes.',NULL,NULL,NULL,1,1,'2020-05-22 16:45:48','2020-05-22 16:45:48','Earth'),(22,'Flood','An overflowing of water beyond its normal confines.',NULL,NULL,NULL,1,1,'2020-05-22 16:45:48','2020-05-22 16:45:48','Flood'),(23,'Sea People','Groups of people live and fighting via ships.',NULL,NULL,NULL,1,1,'2020-05-22 16:45:48','2020-05-22 16:45:48','Sea People'),(24,'10 Plagues','The 10 Plagues of Egypt.',NULL,NULL,NULL,1,1,'2020-05-22 16:45:48','2020-05-22 16:45:48','10 Plagues'),(25,'Epidemic','A widespread occurrence of an infectious disease.',NULL,NULL,NULL,1,1,'2020-05-22 16:45:48','2020-05-22 16:45:48','Epidemic'),(26,'Earthquake','A shaking of the earth which may result in damage.',NULL,NULL,NULL,1,1,'2020-05-22 16:45:48','2020-05-22 16:45:48','Earthquake'),(27,'Eruption','A volcanic eruption measured by the VEI index.',NULL,NULL,NULL,1,1,'2020-05-22 16:45:48','2020-05-22 16:45:48','Eruption'),(28,'Impact Event','A event where an object from space strikes the earth.',NULL,NULL,NULL,1,1,'2020-05-22 16:45:48','2020-05-22 16:45:48','Impact Event'),(29,'Disease','A virus or bacterium which causes distress or death.',NULL,NULL,NULL,1,1,'2020-05-22 16:45:48','2020-05-22 16:45:48','Disease'),(30,'Historical','That which has been written about in the time it happened.',NULL,NULL,NULL,1,1,'2020-05-22 16:45:48','2020-05-22 16:45:48','Historical'),(31,'Egypt','The first city-state.',NULL,NULL,NULL,1,1,'2020-05-22 16:45:48','2020-05-22 16:45:48','Egypt'),(32,'Hittites','An empire in Anatolia who came into conflict with its neighbors.',NULL,NULL,NULL,1,1,'2020-05-22 16:45:49','2020-05-22 16:45:49','Hittites'),(33,'Sumerian','The second city-state.',NULL,NULL,NULL,1,1,'2020-05-22 16:45:49','2020-05-22 16:45:49','Sumerian'),(34,'Domestication','The process of taking a natural plant or animal and making it suitable for humans.',NULL,NULL,NULL,1,1,'2020-05-22 16:45:49','2020-05-22 16:45:49','Domestication'),(35,'Tartessos','.',NULL,NULL,NULL,1,1,'2020-05-22 16:45:49','2020-05-22 16:45:49','Tartessos'),(36,'Atlantis','.',NULL,NULL,NULL,1,1,'2020-05-22 16:45:49','2020-05-22 16:45:49','Atlantis'),(37,'Magnetic Event','An outburst from the sun which affect magnetic systems.',NULL,NULL,NULL,1,1,'2020-05-22 16:45:49','2020-05-22 16:45:49','Magnetic Event'),(38,'Tsunami','A large sudden wave at the water edge which travels inland.',NULL,NULL,NULL,1,1,'2020-05-22 16:45:49','2020-05-22 16:45:49','Tsunami'),(39,'VEI 6','A volcanic explosion which affects the globe if between 30 N and 30 S; otherwise affects the hemisphere where it is located.',NULL,NULL,NULL,1,1,'2020-05-22 16:45:49','2020-05-22 16:45:49','VEI 6'),(40,'Global Volcano','.',NULL,NULL,NULL,1,1,'2020-05-22 16:45:49','2020-05-22 16:45:49','Global Volcano'),(41,'VEI 7','A volcanic explosion which affects the entire globe.',NULL,NULL,NULL,1,1,'2020-05-22 16:45:49','2020-05-22 16:45:49','VEI 7'),(42,'VEI 5','A volcanic explosion which may affect local weather.',NULL,NULL,NULL,1,1,'2020-05-22 16:45:49','2020-05-22 16:45:49','VEI 5'),(43,'VEI 4','A volcanic explosion which is beautiful to watch.',NULL,NULL,NULL,1,1,'2020-05-22 16:45:49','2020-05-22 16:45:49','VEI 4'),(44,'Solar Minimum','When the output from the sun is at a minimum.',NULL,NULL,NULL,1,1,'2020-05-22 16:45:49','2020-05-22 16:45:49','Solar Minimum'),(45,'Stonehenge',NULL,NULL,NULL,NULL,1,1,'2020-05-22 16:46:29','2020-05-22 16:46:29',NULL);
/*!40000 ALTER TABLE `glossary_terms` ENABLE KEYS */;
UNLOCK TABLES;

--
-- Table structure for table `holocene_events`
--

DROP TABLE IF EXISTS `holocene_events`;
/*!40101 SET @saved_cs_client     = @@character_set_client */;
/*!40101 SET character_set_client = utf8 */;
CREATE TABLE `holocene_events` (
  `id` bigint(20) NOT NULL AUTO_INCREMENT,
  `name` varchar(255) COLLATE utf8mb4_unicode_ci DEFAULT NULL,
  `start_year` int(11) DEFAULT NULL,
  `end_year` int(11) DEFAULT NULL,
  `start_year_uncert` int(11) DEFAULT NULL,
  `start_year_mod` int(11) DEFAULT NULL,
  `end_year_uncert` int(11) DEFAULT NULL,
  `end_year_mod` int(11) DEFAULT NULL,
  `region_id` bigint(20) DEFAULT NULL,
  `url` varchar(255) COLLATE utf8mb4_unicode_ci DEFAULT NULL,
  `body` text COLLATE utf8mb4_unicode_ci DEFAULT NULL,
  `slug` varchar(255) COLLATE utf8mb4_unicode_ci DEFAULT NULL,
  `created_at` datetime NOT NULL,
  `updated_at` datetime NOT NULL,
  `user_id` int(11) DEFAULT NULL,
  `lat` decimal(10,6) DEFAULT NULL,
  `lng` decimal(10,6) DEFAULT NULL,
  PRIMARY KEY (`id`),
  KEY `index_holocene_events_on_region_id` (`region_id`)
) ENGINE=InnoDB AUTO_INCREMENT=412 DEFAULT CHARSET=utf8mb4 COLLATE=utf8mb4_unicode_ci;
/*!40101 SET character_set_client = @saved_cs_client */;

--
-- Dumping data for table `holocene_events`
--

LOCK TABLES `holocene_events` WRITE;
/*!40000 ALTER TABLE `holocene_events` DISABLE KEYS */;
INSERT INTO `holocene_events` VALUES (1,'Meltwater Pulse 1A ',-12700,-11500,NULL,NULL,NULL,NULL,9,'https://en.wikipedia.org/wiki/Meltwater_pulse_1A','\n<p>Global in nature.\nThis event is the most widely recognized and least disputed of the named, postglacial meltwater pulses.\n</p>\n','LTuAWeS0WY','2020-05-22 16:45:50','2020-05-22 16:47:02',1,NULL,NULL),(2,'Bread is made ',-12500,NULL,NULL,NULL,NULL,NULL,12,'https://en.wikipedia.org/wiki/Natufian_culture','\n<p>Wild wheat and barley mixed with crushed tubers such as Rushes.\n</p>\n','Zc16GrfhqB','2020-05-22 16:45:50','2020-05-22 16:46:42',1,NULL,NULL),(3,'Dog buried inside of human dwelling ',-12700,NULL,NULL,NULL,NULL,NULL,6,'','','zXEuzz84ba','2020-05-22 16:45:51','2020-05-22 16:46:50',1,NULL,NULL),(4,'Beer',-11000,NULL,NULL,NULL,NULL,NULL,12,'','\n<p>Had the consistency of gruel.\n</p>\n','5EY8jHftMg','2020-05-22 16:45:51','2020-05-22 16:46:42',1,NULL,NULL),(5,'Bølling-Allerød Warming',-12700,-10700,NULL,NULL,NULL,NULL,9,'https://en.wikipedia.org/wiki/Bølling-Allerød_warming','\n<p>The Bølling-Allerød Warming was a warm moist period that started with the end of the Older Dryas and ended with\nthe start of the Younger Dryas.  Hunter-gatherers moved into the northern lands challenging the Megafauna causing their extinction.\nIt is during this period that humanity starts to experiment with use and domesticate emmer and two-row barley.\n</p>\n','fKp6YmpynV','2020-05-22 16:45:51','2020-05-22 16:47:03',1,NULL,NULL),(6,'Bølling oscillation',-12700,-12100,NULL,NULL,NULL,NULL,9,'https://en.wikipedia.org/wiki/Aller%C3%B8d_oscillation','\n<p>Humans enter forests hunting megafauna.\n</p>\n','Jg74L2Qr6y','2020-05-22 16:45:52','2020-05-22 16:47:03',1,NULL,NULL),(7,'Allerød oscillation',-11900,-10900,NULL,NULL,NULL,NULL,9,'','<p>Humans begin to exploit wild cereals.\r\n</p>','pk6mQUU9jE','2020-05-22 16:45:52','2020-05-30 14:33:18',1,NULL,NULL),(8,'Younger Dryas Impact Event ',-10950,NULL,NULL,NULL,NULL,NULL,9,'','','dj9c7M5DUu','2020-05-22 16:45:52','2020-05-22 16:47:57',1,NULL,NULL),(9,'Usselo Horizon ',-10950,NULL,NULL,NULL,NULL,NULL,9,'https://en.wikipedia.org/wiki/Usselo','\n<p>The Usselo Horizon is a layer of charcoal found in Europe and North America.\n</p>\n','0d1xYPS822','2020-05-22 16:45:52','2020-05-22 16:47:02',1,NULL,NULL),(10,'Younger Dryas ',-10950,-9700,70,NULL,NULL,NULL,9,'','\n<p>This event was a 1,300 year cold event as waters from the ice plateau covering North America flowed into the Atlantic basin shutting down the Gulf stream.\n</p>\n','rKPWV4EZeu','2020-05-22 16:45:52','2020-05-22 16:47:10',1,NULL,NULL),(11,'Vulture stone at Gobekli Tepe dated by star map ',-10950,NULL,250,NULL,NULL,NULL,12,'https://www.ancient-origins.net/editorials/vulture-stone-gobekli-tepe-world-s-first-pictogram-004348','\n<p>The Vulture stone is a star map pin pointing the Holocene Impact Event at 10,950 BC[[G0wrhvCmHm]] .  \nMarkers on the stone show that the stone was carved around 9,600 BC since the Sun rose in Scorpius at the summer solstice at that time.\n</p>\n','4BT9jzSKTU','2020-05-22 16:45:53','2020-05-22 16:46:52',1,NULL,NULL),(12,'Gobekli Tepe - level III ',-9600,-8800,NULL,NULL,NULL,NULL,12,'','\n<p>A circular structure 10 to 30 meters in diameter with two \'T\' shaped stone pillars.\n</p>\n','C67XdXVjyP','2020-05-22 16:45:53','2020-05-22 16:46:53',1,37.223056,38.922500),(13,'Gobekli Tepe - level II ',-8800,-8000,NULL,NULL,NULL,NULL,12,'','\n<p>Circular structure gives way to rectangular rooms still having the \'T\' shaped stone pillars.\n</p>\n','AMJnAz3gbJ','2020-05-22 16:45:54','2020-05-22 16:46:53',1,37.223056,38.922500),(14,'Gobekli Tepe - Beer ',-8500,-8000,NULL,NULL,NULL,NULL,12,'','\n<p>Beer residue found in troughs[[ShLHch0MwY]] .\n</p>\n','HmHmMBEUFv','2020-05-22 16:45:54','2020-05-22 16:46:42',1,NULL,NULL),(15,'Gobekli Tepe - level I ',-8000,-7900,NULL,NULL,NULL,NULL,12,'','\n<p>Site is back-filled with soil and stone.  By 7,900 BC the site was being used for agriculture.\n</p>\n','9ULXpyRZY0','2020-05-22 16:45:54','2020-05-22 16:46:54',1,37.223056,38.922500),(16,'K8538 - Sumerian Star Map ',-2193,NULL,NULL,NULL,NULL,NULL,12,'','\n<p>A 1,500 year old copy when the library that it was in was destroyed preserving the disk.\nIt is an eight section description of an impact event which created Umm al Binni[[q7kd078mgG]] .\n</p>\n','9jGCV7Pumu','2020-05-22 16:45:54','2020-05-22 16:46:33',1,NULL,NULL),(17,'Babylonian Table describing rudimentary form of integral calculus ',-350,-50,NULL,NULL,NULL,NULL,12,'','\n<p>Tablet describes calculating the orbit of Jupiter.\n</p>\n','qtESJV1GuH','2020-05-22 16:45:54','2020-05-22 16:46:33',1,NULL,NULL),(18,'Moscow Mathematical Papyrus ',-1850,NULL,NULL,NULL,NULL,NULL,12,'https://en.wikipedia.org/wiki/Moscow_Mathematical_Papyrus','General Problems with some Geometry.','B2NSCY5TTY','2020-05-22 16:45:54','2020-05-26 16:45:55',1,NULL,NULL),(19,'Rhind Mathematical Papyrus ',-1542,NULL,NULL,NULL,NULL,NULL,12,'https://en.wikipedia.org/wiki/Rhind_Mathematical_Papyrus','<span style=\"color: rgb(33, 37, 41);\">Arithmetic and algebra﻿, geometry﻿, and  miscellany.﻿</span>','ZacHAf5BaW','2020-05-22 16:45:55','2020-05-26 16:48:53',1,NULL,NULL),(20,'Lahun Mathematical Papyri ',-1825,NULL,NULL,NULL,NULL,NULL,12,'https://en.wikipedia.org/wiki/Lahun_Mathematical_Papyri','Fractions, volumes, 2/n tables.','kcKsWXzKjv','2020-05-22 16:45:55','2020-05-26 16:48:08',1,NULL,NULL),(21,'Egyptian Mathematical Leather Roll ',-1650,NULL,NULL,NULL,NULL,NULL,18,'https://en.wikipedia.org/wiki/Egyptian_Mathematical_Leather_Roll','Fractions.','p9CSNN9g24','2020-05-22 16:45:55','2020-07-07 16:56:33',1,NULL,NULL),(22,'Nabta Playa, Egypt - Beginning occupation ',-10000,-8000,NULL,NULL,NULL,NULL,18,'https://en.wikipedia.org/wiki/Nabta_Playa','<p>Around 10,000 BC the region around Nabta Playa started receiving more rainfall.\r\n</p>','ggAFHNbg2m','2020-05-22 16:45:56','2020-07-07 16:41:38',1,22.510000,30.730000),(23,'Nabta Playa, Egypt - Large scale occupation ',-8000,-7000,NULL,NULL,NULL,NULL,18,'https://en.wikipedia.org/wiki/Nabta_Playa','<p>Water came from deep wells.  \r\nSustenance included fruit, legumes, millets, sorghum and tubers.  \r\nGoats and sheep were imported.\r\nThey had organized villages with small huts in straight rows.\r\n</p>','uhvRwwTqzH','2020-05-22 16:45:56','2020-07-07 16:51:42',1,22.510000,30.730000),(24,'Nabta Playa, Egypt - Potter being made ',-6800,NULL,NULL,NULL,NULL,NULL,18,'https://web.archive.org/web/20110806140123/http://www.comp-archaeology.org/WendorfSAA98.html','<p>Pottery decorated with a comb in a rocking motion.\r\n</p>','tRPyhsaqdc','2020-05-22 16:45:56','2020-07-07 16:52:08',1,NULL,NULL),(25,'Nabta Playa, Egypt - Alignment of belt stones to Orion ',-6400,NULL,NULL,NULL,NULL,NULL,18,'','','jD7f7xZLPY','2020-05-22 16:45:57','2020-07-07 16:52:28',1,NULL,NULL),(26,'Bond 5 - 8.2K Event ',-6200,-6050,NULL,NULL,NULL,NULL,9,'https://en.wikipedia.org/wiki/8.2_kiloyear_event','\n<p>The only Bond event to show a signature in the ice cores. 300 years of coldness and dryness.\n</p>\n','CpPRsJVgxt','2020-05-22 16:45:57','2020-05-22 16:47:34',1,NULL,NULL),(27,'Nabta Playa, Egypt - Alignment of megalithic stones ',-6270,NULL,NULL,NULL,NULL,NULL,18,'https://en.wikipedia.org/wiki/Nabta_Playa','<p>Megalithic stones set to Orion\'s Belt and other stars.\r\n</p>','ay2JJ1Xv1c','2020-05-22 16:45:57','2020-07-07 16:52:54',1,22.510000,30.730000),(28,'Nabta Playa, Egypt - Sheep and Goats Introduced ',-6100,NULL,NULL,NULL,NULL,NULL,18,'','','ubpWdMegQA','2020-05-22 16:45:57','2020-07-07 16:53:29',1,NULL,NULL),(29,'Nabta Playa, Egypt - Drought causes change of Occupants ',-5500,NULL,NULL,NULL,NULL,NULL,18,'https://web.archive.org/web/20110806140123/http://www.comp-archaeology.org/WendorfSAA98.html','<p>They had a more complex social structure.  \r\nThey constructed the calendar and other stone features associated with Astronomy.\r\n</p>','KYn1auPaqF','2020-05-22 16:45:57','2020-07-07 16:54:06',1,NULL,NULL),(30,'Nabta Playa, Egypt - Construction of stone calendar ',-4800,NULL,NULL,NULL,NULL,NULL,18,'https://en.wikipedia.org/wiki/Nabta_Playa','<p>This was the creation of a smaller stone circle inside those set earlier.\r\n</p>','Ph02PPw1vC','2020-05-22 16:45:57','2020-07-07 16:55:00',1,22.510000,30.730000),(31,'Nabta Playa, Egypt - Megalith period  ',-3600,NULL,NULL,NULL,NULL,NULL,18,'https://en.wikipedia.org/wiki/Nabta_Playa','<p>Alignment of megalith stones to Sirius, Arcturus, Alpha Centauri and the Belt of Orion.\r\n</p>\r\n<p>By 3,600 BC Nabta Playa was abandoned due to lack of water.  No rail fall meant the well dried up.\r\n</p>','dBXvEzAb96','2020-05-22 16:45:58','2020-07-07 16:55:21',1,22.510000,30.730000),(32,'Bond 4 - 5.9K Event - intense aridification ',-4200,-3900,NULL,NULL,NULL,NULL,9,'','\n<p>5.9K Event was one of the most intense aridification events during the Holocene.\nThe Sahara desert reforms by 3,500 BC.\n</p>\n','R2F2K9sXrf','2020-05-22 16:45:58','2020-05-22 16:47:35',1,NULL,NULL),(33,'Almendres Cromlech I ',-6000,NULL,NULL,NULL,NULL,NULL,7,'https://en.wikipedia.org/wiki/Almendres_Cromlech','\n<p>Construction of two rings using standing stones.  None are as large as Stonehenge.\n</p>\n','fWbstAJxxZ','2020-05-22 16:45:58','2020-05-22 16:46:41',1,38.557475,-8.061119),(34,'Almendres Cromlech II ',-5000,NULL,NULL,NULL,NULL,NULL,7,'https://en.wikipedia.org/wiki/Almendres_Cromlech','\n<p>Two oblong rings added to west of circles.\n</p>\n','s4T3q4p31d','2020-05-22 16:45:58','2020-05-22 16:46:41',1,38.557475,-8.061119),(35,'Almendres Cromlech III ',-4000,NULL,NULL,NULL,NULL,NULL,7,'https://en.wikipedia.org/wiki/Almendres_Cromlech','\n<p>Modification of the stone groupings many assoicated with the Equinoxs.\n</p>\n','J8EPj0vceq','2020-05-22 16:45:58','2020-05-22 16:46:41',1,38.557475,-8.061119),(36,'Bell Beaker people replace builders of Stonehenge ',-2500,NULL,NULL,NULL,NULL,NULL,7,'','\n<p>There was a population replacement.\n</p>\n','pC5h5xS1qF','2020-05-22 16:45:59','2020-05-22 16:46:29',1,NULL,NULL),(37,'Builders of Stonehenge migrate to England ',-6000,-4000,NULL,NULL,NULL,NULL,7,'','\n<p>They had Aegean ancestry with Anatolian farming techniques.\nThey moved through Iberia before going north.\nThere was a population replacement.\n</p>\n','0B8EzaFzXj','2020-05-22 16:45:59','2020-05-22 16:46:29',1,NULL,NULL),(38,'Stonehenge before the monument ',-8000,NULL,NULL,NULL,NULL,NULL,7,'','\n<p>Four or possibly five post hole were found aligned in an East-West axis dated to 8,000 BC.\n</p>\n','eCaVKWcRaU','2020-05-22 16:45:59','2020-05-22 16:46:37',1,51.178889,-1.826111),(39,'Stonehenge 1 ',-3100,NULL,NULL,NULL,NULL,NULL,7,'','\n<p>A circular bank and ditch enclosure with a large opening to northeast and a smaller one to the south.  In side the enclosure are the 56\nAubery stones.\n</p>\n','KcETGSZEE3','2020-05-22 16:46:00','2020-05-22 16:46:38',1,51.178889,-1.826111),(40,'Stonehenge 2 ',-3000,NULL,NULL,NULL,NULL,NULL,7,'','\n<p>Structures built within the enclosure.  Aubery holes being used as cremation urns.\n</p>\n','ymwLWCy3Mm','2020-05-22 16:46:00','2020-05-22 16:46:38',1,51.178889,-1.826111),(41,'Stonehenge 3 I ',-2600,NULL,NULL,NULL,NULL,NULL,7,'','\n<p>Timber abandoned in favour of stone.  Standing stones in two inner circles setup.  80 stones in total.\n</p>\n','zY2JPHMGCD','2020-05-22 16:46:00','2020-05-22 16:46:38',1,51.178889,-1.826111),(42,'Stonehenge 3 II ',-2600,-2400,NULL,NULL,NULL,NULL,7,'','\n<p>Sarsen stones erected.\n</p>\n','gTnDFpfMve','2020-05-22 16:46:00','2020-05-22 16:46:39',1,51.178889,-1.826111),(43,'Woodhenge created ',-2600,-2400,NULL,NULL,NULL,NULL,7,'https://en.wikipedia.org/wiki/Woodhenge','\n<p>Wood ring structure with parts similar to Stonehenge.\n</p>\n','rGDbUD39Du','2020-05-22 16:46:00','2020-05-22 16:46:43',1,51.189400,1.785760),(44,'Wood circle created at Durrington Walls ',-2600,NULL,NULL,NULL,NULL,NULL,7,'https://en.wikipedia.org/wiki/Durrington_Walls','\n<p>Four circles with an opening to the southeast for midwinter solstice.\n</p>\n','UcFCfFGsAz','2020-05-22 16:46:00','2020-05-22 16:46:43',1,51.192500,1.786667),(45,'Stonehenge 3 III ',-2400,-2280,NULL,NULL,NULL,NULL,7,'','\n<p>Blue stones re-erected.\n</p>\n','3VM0ByVuKz','2020-05-22 16:46:01','2020-05-22 16:46:39',1,51.178889,-1.826111),(46,'Stonehenge 3 IV ',-2280,-1930,NULL,NULL,NULL,NULL,7,'','\n<p>Arrangement of the Blue stones in a circle between the two Sarsen stone rings.\n</p>\n','EQ5KL69ecK','2020-05-22 16:46:01','2020-05-22 16:46:40',1,51.178889,-1.826111),(47,'Stonehenge 3 V ',-1930,-1600,NULL,NULL,NULL,NULL,7,'','\n<p>Removal of Blue stone to form horseshoe-shaped setting as now seen at Stonehenge.\n</p>\n','K0nEvTwZuG','2020-05-22 16:46:01','2020-05-22 16:46:40',1,51.178889,-1.826111),(48,'Stonehenge - Post construction ',-1600,NULL,NULL,NULL,NULL,NULL,7,'','\n<p>Y and Z wholes are the last items added to the monument.\n</p>\n','sWgk06YtgM','2020-05-22 16:46:01','2020-05-22 16:46:41',1,51.178889,-1.826111),(49,'Kokino ',-1800,-600,NULL,NULL,NULL,NULL,7,'https://en.wikipedia.org/wiki/Kokino','\n<p>Emphasis is on the Pleiades.\nIt has stone seats to observe the solstices.\n</p>\n','HSn6W48FeY','2020-05-22 16:46:02','2020-05-22 16:46:26',1,NULL,NULL),(50,'Goloring ',-1200,-800,NULL,NULL,NULL,NULL,7,'https://en.wikipedia.org/wiki/Goloring','\n<p>It is located near Koblenz, Germany.</p>\n','JQgBgJ32tB','2020-05-22 16:46:02','2020-05-22 16:46:32',1,50.339167,7.439722),(51,'Warren Field - oldest calendar ',-8000,NULL,NULL,NULL,NULL,NULL,7,'https://en.wikipedia.org/wiki/Warren_Field','\n<p>First known calendar.  It tracked the moon as well as having a pit and prominence aligning with the midwinter solstice.\n</p>\n','Jd6sAGdbWA','2020-05-22 16:46:02','2020-05-22 16:46:32',1,57.061295,2.430772),(52,'Zorats Karer(Carahunge) ',-5500,NULL,NULL,NULL,NULL,NULL,6,'','\n<p>The \'Armenian Stonehenge\'.\n</p>\n','G53RR2BzWn','2020-05-22 16:46:02','2020-05-22 16:46:44',1,39.550700,46.028600),(53,'Goseck Circle ',-4900,-4700,NULL,NULL,NULL,NULL,7,'https://en.wikipedia.org/wiki/Goseck_circle','\n<p>Sunrise and sunset on Mid-Winter solstice with smaller entrances for the sunrise and sunset of the Mid-Summer solstice.\n</p>\n','xDDn31ZNAq','2020-05-22 16:46:02','2020-05-22 16:46:47',1,51.198333,11.864722),(54,'Day 1 Let there be Light ',-10950,NULL,NULL,NULL,NULL,NULL,9,'','','vHQkmvGCuX','2020-05-22 16:46:03','2020-05-22 16:46:03',1,NULL,NULL),(55,'Day 2 - Dividing the Waters ',-9600,-9100,NULL,NULL,NULL,NULL,9,'','','PLbwc10DeT','2020-05-22 16:46:03','2020-05-22 16:46:03',1,NULL,NULL),(56,'Jericho is founded ',-9600,NULL,NULL,NULL,NULL,NULL,12,'https://en.wikipedia.org/wiki/Jericho','\n<p>Initial habitation was intermittent due to the droughts and cold of the Younger Dryas time period.\n</p>\n','s5FN4jHDaJ','2020-05-22 16:46:03','2020-05-22 16:46:45',1,31.871111,35.444167),(57,'Day 3: Dry Land ',-9100,-8300,NULL,NULL,NULL,NULL,9,'','','mdp6VZ2p9k','2020-05-22 16:46:04','2020-05-22 16:46:04',1,NULL,NULL),(58,'Tower of Jericho is completed ',-8300,NULL,NULL,NULL,NULL,NULL,12,'https://en.wikipedia.org/wiki/Tower_of_Jericho','\n<p>The tower seems to have been created as an anti-flooding system.\n</p>\n','HzQzF8Hszm','2020-05-22 16:46:04','2020-05-22 16:46:45',1,31.871111,35.444167),(59,'Day 4 - Sun, Moon and Stars \'Lights in the Firmament\' ',-8000,-7000,NULL,NULL,NULL,NULL,9,'','','Pd2HptuABd','2020-05-22 16:46:04','2020-05-22 16:46:04',1,NULL,NULL),(60,'Tollmann\'s hypothetical bolide ',-7640,NULL,200,NULL,NULL,NULL,9,'https://en.wikipedia.org/wiki/Tollmann\'s_hypothetical_bolide','','tDAwA817FE','2020-05-22 16:46:04','2020-05-22 16:46:04',1,NULL,NULL),(61,'Seven massive volcanic eruptions shown in ice cores ',-7901,-7090,NULL,NULL,NULL,NULL,9,'','\n<p>Series of seven massive volcanic eruptions give volcanic skies and lowered temperatures(ending 7090 BC).\n</p>\n','aeKSQM3fnP','2020-05-22 16:46:04','2020-05-22 16:47:10',1,NULL,NULL),(62,'Fisher Caldera, Aleutian Islands  VEI 6 ',-7420,NULL,200,NULL,NULL,NULL,14,'https://en.wikipedia.org/wiki/Fisher_Caldera','\n<p>Confirmed Eruption |\nRadiocarbon (uncorrected)[[0g4nrMkgJ9]]  |\nNE and SW parts of Fisher caldera</p>\n','FZVcx45cSn','2020-05-22 16:46:05','2020-05-22 16:47:30',1,54.650000,-164.430000),(63,'Pinatubo, Philippines VEI 6 ',-7460,NULL,150,NULL,NULL,NULL,16,'https://en.wikipedia.org/wiki/Mount_Pinatubo','\n<p>Confirmed Eruption |\nRadiocarbon (corrected)[[XSjcTa6mYu]]  |\nTayawan caldera</p>\n','BufC44WRE7','2020-05-22 16:46:05','2020-05-22 16:47:30',1,15.130000,120.350000),(64,'Lvinaya Past, Kamchatka Peninsula (Russia) VEI 6+ ',-7480,NULL,50,NULL,NULL,NULL,5,'https://en.wikipedia.org/wiki/Lvinaya_Past','\n<p>Confirmed Eruption |\nRadiocarbon (uncorrected)[[TxxAVftJaS]] \n</p>\n','QTRADrbAYA','2020-05-22 16:46:05','2020-05-22 16:47:11',1,44.608000,146.994000),(65,'Day 5 - Water and Air creatures ',-6200,NULL,NULL,NULL,NULL,NULL,9,'','','2FBa1fcXHk','2020-05-22 16:46:05','2020-05-22 16:46:05',1,NULL,NULL),(66,'Day 6 - Land creatures and Man ',-6000,-5700,NULL,NULL,NULL,NULL,9,'','','sKkGxwm4vw','2020-05-22 16:46:06','2020-05-22 16:46:06',1,NULL,NULL),(67,'Day 7 - The Lord Rested ',-5700,NULL,NULL,NULL,NULL,NULL,9,'','','mj7kF6EpP7','2020-05-22 16:46:06','2020-05-22 16:46:06',1,NULL,NULL),(68,'God Comes to visit ',-5677,NULL,NULL,NULL,NULL,NULL,9,'','','cMWNKR6qy0','2020-05-22 16:46:07','2020-05-22 16:46:07',1,NULL,NULL),(69,'Crater Lake Caldera VEI 7 ',-5677,NULL,NULL,NULL,NULL,NULL,14,'','','Qt3gP10E8C','2020-05-22 16:46:07','2020-05-22 16:46:07',1,NULL,NULL),(70,'Cast out of Eden - Flooding of the Black Sea ',-5500,NULL,NULL,NULL,NULL,NULL,6,'','','mfu6EBDsBb','2020-05-22 16:46:07','2020-05-22 16:46:07',1,44.000000,35.000000),(71,'Tollmann\'s hypothetical bolide ',-3125,NULL,NULL,NULL,NULL,NULL,6,'','','DgnXLqj2Lv','2020-05-22 16:46:08','2020-05-22 16:46:08',1,NULL,NULL),(72,'Burckle Crater - Noah\'s Flood ',-3125,-2800,NULL,NULL,NULL,NULL,11,'','\n<p>Unconfirmed</p>\n','AhdK2UVshJ','2020-05-22 16:46:08','2020-05-22 16:47:35',1,-30.860000,61.360000),(73,'Deucalion Deluge - Greek Noah\'s Flood',-3125,NULL,NULL,NULL,NULL,NULL,9,'https://en.wikipedia.org/wiki/Deucalion','','FPk7bc6596','2020-05-22 16:46:08','2020-07-08 00:47:35',1,NULL,NULL),(74,'Noah\'s Flood ',-3125,NULL,NULL,NULL,NULL,NULL,9,'','','0cMX5JMCxy','2020-05-22 16:46:09','2020-05-22 16:46:09',1,NULL,NULL),(75,'The Gilgamesh Flood Myth ',-2100,-2000,NULL,NULL,NULL,NULL,12,'https://en.wikipedia.org/wiki/Gilgamesh_flood_myth','\n<p>Some say that this poem is where the Biblical text came from for the story of Noah.\n</p>\n','FAy9jypG8T','2020-05-22 16:46:09','2020-05-22 16:46:26',1,NULL,NULL),(76,'Atra-Hasis - Flood Myth ',-1646,-1626,NULL,NULL,NULL,NULL,12,'https://en.wikipedia.org/wiki/Atra-Hasis','\n<p>The oldest of the Flood Myth scripts.\nPoem is older than the dates notes, they are scribe marks noting the reign in which the copy was written.\n</p>\n','YabdYk2SSq','2020-05-22 16:46:09','2020-05-22 16:46:26',1,NULL,NULL),(77,'Piora Oscillation ',-3250,-2900,NULL,NULL,NULL,NULL,9,'','\n<p>An abrupt cold and wet period in climate history of the Holocene.  Global in nature.</p>\n','7KYVk1HmKM','2020-05-22 16:46:09','2020-05-22 16:47:35',1,NULL,NULL),(78,'Scorpion I ',-3200,-3150,NULL,NULL,NULL,NULL,12,'','\n<p>Scorpion I seems to have started Egypt towards written language.  \nEvidence found in his tomb suggests writing was developed to record tribute from conquered cities.  \nHe was buried with imported grape wine laced with medicinal herbs as well as wine, dried grapes, grape seed and skins.\n</p>\n','crgc19GZCK','2020-05-22 16:46:10','2020-05-22 16:46:35',1,NULL,NULL),(79,'Wine in Egypt ',-3000,NULL,NULL,NULL,NULL,NULL,18,'https://en.wikipedia.org/wiki/History_of_wine','','hTPN9qfp8d','2020-05-22 16:46:10','2020-07-07 16:55:52',1,NULL,NULL),(80,'Sphinx existed in Egypt ',-3125,NULL,NULL,NULL,NULL,NULL,18,'https://en.wikipedia.org/wiki/Great_Sphinx_of_Giza','<p>\r\nWater damage at the Sphinx complex perhaps pushed the date of creation back before 3.125 BC when Noah\'s flood occurred.\r\nThis is the Sphinx water erosion hypothesis.\r\nThe objections are that not enough rain falls in Egypt to do the damage that is cited as evidence of flood and second there was\r\nno population in Egypt before 3,000 BC.\r\n</p>','y7mfMCn1FY','2020-05-22 16:46:10','2020-07-07 16:55:38',1,29.975278,31.137778),(81,'Bond 3 - 4.2 Kiloyear Event ',-2200,-2100,NULL,NULL,NULL,NULL,9,'https://en.wikipedia.org/wiki/4.2_kiloyear_event','\n<p>Global Aridification causes the collapse of the Egyptian, the Akkadian Empire, the Liangzhu culture in China and various movements of tribes in India.\n</p>\n','CPvwQCRrdF','2020-05-22 16:46:11','2020-05-22 16:47:36',1,NULL,NULL),(82,'Umm al Bini ',-2193,NULL,NULL,NULL,NULL,NULL,12,'','\n<p>The discovery of Umm al Bini was a fluke of war.  Sadam Hussine had drained the great lake that sat atop the crater exposing it to satellite photography.\n</p><p>\nI call this the Confusion of Civilization as there are two floods in this region.   \nNoah\'s flood a thousand year before and now the Babylonian flood.   This flood was not as world wide as Noah\'s and left a distinct mark in history.  In the digs in Iraq, there is a layer of mud over remains.  The area of Umm al Bini would have been ocean estuary in 2,300BC\'s  so the impact was more a mud spatter than a real water impact.\n</p><p>\nTree ring dating places this event at 2,354 BC with a 9 year window of cold weather[[BwsP8uG8zM]] .\n</p><p>\nThe Egyptian Drought</p>\n<p>Unconfirmed</p>\n','QWet6t5QxF','2020-05-22 16:46:11','2020-05-22 16:47:36',1,31.241389,47.105833),(83,'Cycladic culture ',-3200,-1050,NULL,NULL,NULL,NULL,7,'','\n<p>The first culture in the Aegean sea as a philosophical base.\n</p>\n<p>The culture essentially became Minoan around 2000 BC when the pottery especially became all Minoan in style.\n</p>\n','44xZAQbaDS','2020-05-22 16:46:11','2020-05-22 16:46:11',1,39.000000,25.000000),(84,'Minoan civilization ',-2700,-1100,NULL,NULL,NULL,NULL,7,'','','K0nPGWUL3Y','2020-05-22 16:46:11','2020-05-22 16:46:11',1,NULL,NULL),(85,'Mycenaean Greece ',-1600,-1100,NULL,NULL,NULL,NULL,7,'','','QK3MsCtWsC','2020-05-22 16:46:11','2020-05-22 16:46:11',1,NULL,NULL),(86,'The Lycian Sea People ',-1450,-546,NULL,NULL,NULL,NULL,12,'','','mKeZWp9xZy','2020-05-22 16:46:12','2020-05-22 16:46:12',1,NULL,NULL),(87,'The Lycian People become part of Assuwa league ',-1250,NULL,NULL,NULL,NULL,NULL,12,'','','zK858tQZns','2020-05-22 16:46:12','2020-05-22 16:46:12',1,NULL,NULL),(88,'Nuragic Civilization ',-1700,-238,NULL,NULL,NULL,NULL,7,'https://en.wikipedia.org/wiki/Nuragic_civilization','\n<p>Sardinia may have hosted one of the Sea Peoples.\n</p>\n','K18CPZk4uY','2020-05-22 16:46:12','2020-05-22 16:46:26',1,NULL,NULL),(89,'The Sherden Sea People ',-1399,-1300,NULL,NULL,NULL,NULL,12,'','','jtq3MZ4BAH','2020-05-22 16:46:12','2020-05-22 16:46:12',1,NULL,NULL),(90,'Jason and the Argonauts ',-1300,NULL,NULL,NULL,NULL,NULL,12,'https://en.wikipedia.org/wiki/Argonauts','\n<p>The classic tale defining a part of Greek culture.  There is discussion about the story being one of the \ndescendants of a people who occupied parts of Greece going on a voyage back to their ancestral home land.\nSome have suggested that their homeland was Bactria.\n</p>\n','HEsVJxfnAx','2020-05-22 16:46:12','2020-05-22 16:46:12',1,NULL,NULL),(91,'Terah ',-1987,-1782,NULL,NULL,NULL,NULL,12,'','\n<p>Lived 205 years.</p>\n','4qhjefGTFe','2020-05-22 16:46:13','2020-05-22 16:46:13',1,NULL,NULL),(92,'Abraham ',-1917,-1742,NULL,NULL,NULL,NULL,12,'','\n<p>Lived 175 years.</p>\n','c3pbnS4Lff','2020-05-22 16:46:13','2020-05-22 16:46:13',1,NULL,NULL),(93,'Issac ',-1817,-1637,NULL,NULL,NULL,NULL,12,'','\n<p>Lived 180 years.</p>\n','2u4wHQv6P6','2020-05-22 16:46:13','2020-05-22 16:46:13',1,NULL,NULL),(94,'Jacob ',-1757,-1610,NULL,NULL,NULL,NULL,12,'','\n<p>Lived 147 years. Dies in Egypt after being there for 18 years.</p>\n','hXgsPHF9NE','2020-05-22 16:46:14','2020-05-22 16:46:14',1,NULL,NULL),(95,'Joseph ',-1662,-1552,NULL,NULL,NULL,NULL,12,'','\n<p>Lived 110 years.</p>\n','htCt0n3NSP','2020-05-22 16:46:14','2020-05-22 16:46:14',1,NULL,NULL),(96,'Santorini/Thera VEI 7 ',-1628,NULL,14,NULL,NULL,NULL,7,'https://en.wikipedia.org/wiki/Santorini_caldera','\n<p>Confirmed Eruption |\nRadiocarbon (corrected)\n[[nGExNcguQq]] \n</p>\n<p>The Santorini/Thera explosion is an interesting event to consider.  First, the Minoan people appear to have packed and left before the creation of the caldera.  Second, the unique color of the ejaculate seems to be the link to the 10 Plagues of Egypt as noted in the Bible.   And third, the dating of this event shifts the birth and time of Moses as well as other dates in the Bible.\n</p><p>\nIt is one of two calderas that have been remembered in folk lore.  The other caldera is the Crater Lake caldera in Oregon, USA.  Native American Legions speak of a battle of the Gods with one throwing down the other.\n</p>\n','b4ZKLSwgWJ','2020-05-22 16:46:14','2020-05-22 16:47:37',1,36.404000,25.396000),(97,'Ipuwer Papyrus ',-1628,-1450,NULL,NULL,NULL,NULL,9,'','','9Rr7S37Y5w','2020-05-22 16:46:15','2020-05-22 16:46:15',1,NULL,NULL),(98,'Tree Ring Event(6 years) ',-1628,-1622,NULL,NULL,NULL,NULL,9,'','\n<p>Lasted 6 years[[JL6Vvnxaax]] .</p>\n','UGGn505kTB','2020-05-22 16:46:15','2020-05-22 16:47:37',1,NULL,NULL),(99,'The 10 Plagues of Egypt ',-1628,NULL,NULL,NULL,NULL,NULL,18,'','','0YH8x1qNZd','2020-05-22 16:46:15','2020-07-07 16:57:02',1,NULL,NULL),(100,'A group of Sea People takes over part of Greece ',-1628,-1600,NULL,NULL,NULL,NULL,7,'','\n<p>The tsunamis from Santorini would have wiped part of Greece of its infrastructure and people.\n</p>\n','D4Tuqv4kJM','2020-05-22 16:46:15','2020-05-22 16:46:15',1,NULL,NULL),(101,'Lot ',-1827,-1622,NULL,NULL,NULL,NULL,12,'','\n<p>Lived 205 years.</p>\n','ZEhQAc7Bu7','2020-05-22 16:46:16','2020-05-22 16:46:16',1,NULL,NULL),(102,'Destruction of Sodom and Gomorrah ',-1628,NULL,NULL,NULL,NULL,NULL,12,'','','y1zpjVGTbb','2020-05-22 16:46:16','2020-05-22 16:46:16',1,31.840300,35.674000),(103,'Joshua 6:17 - Destruction of Jerico ',-1530,NULL,43,NULL,NULL,NULL,12,'','\n<p>The \'Battle\' of Jerico and it subsequent destruction of all living souls is a curious event in the history of Moses and the tribes.\nThe elaborate cleansing ritual for the aftermath of the battle seems to be more of a contamination cleanse than calming the soul so as \nto not murder your wife and children after killing everyone in Jerico.\n</p>\n<p>That this battle was a cleansing of Bubonic Plague from Ancient Canna seems to fit the event and its description of the cleansing ritual after the battle.  That no living thing\nwas left alive was based on the fear of contagion.  In this case a bacterial plague.  This event seemed to influence Joshua\'s obsession with purity of the people as well.\n</p>\n<p>1530 BC: Joshua 6:17 - Destruction of Jerico (radiocarbon dating range)\n</p>\n','ZbeGaXF9u3','2020-05-22 16:46:17','2020-05-22 16:46:17',1,31.871000,35.444000),(104,'Bubonic Plague first appearance at Jerico ',-1550,-1530,NULL,NULL,NULL,NULL,7,'','\n<p>Genetic research into heart disease arrived at the conclusion that Bubonic plage appeared in Europe around 1,500 BC.\nThe cleansing ritual at the destruction of Jerico shows that Bubonic plague was already present in the Middle East around 1,530 BC.\nThis epidemic possibly reduced the population by 90%.  Parts of the British isles being the exception since the next plague, the Justinian, reduces parts of Cornwall to 10% after exposure.\n</p>\n','shjdaH2NbQ','2020-05-22 16:46:17','2020-05-22 16:46:17',1,NULL,NULL),(105,'Plague strikes Egypt ',-1500,NULL,NULL,NULL,NULL,NULL,18,'','','gzL3TvxXUE','2020-05-22 16:46:17','2020-07-07 16:57:26',1,NULL,NULL),(106,'Canaanites arrive in eastern Nile Delta starting the Fourteenth Dynasty ',-1800,-1650,NULL,NULL,NULL,NULL,12,'','','S14uWet8G1','2020-05-22 16:46:17','2020-05-22 16:46:28',1,NULL,NULL),(107,'Hyksos conquer Canaanites and Egyptian Dynasties ',-1650,-1550,NULL,NULL,NULL,NULL,18,'','','hq7RBJ5QF6','2020-05-22 16:46:17','2020-07-07 16:56:47',1,NULL,NULL),(108,'Hyksos expelled by Egyptian Dynasties ',-1550,NULL,NULL,NULL,NULL,NULL,18,'','','uPEFyaRuU5','2020-05-22 16:46:17','2020-07-07 16:57:14',1,NULL,NULL),(109,'Kaali Meteor Impact ',-1490,NULL,40,NULL,NULL,NULL,7,'https://en.wikipedia.org/wiki/Kaali_crater','','WYHyf2jXr8','2020-05-22 16:46:18','2020-05-22 16:47:37',1,58.366667,22.666667),(110,'Exodus - First ',-1550,-1500,NULL,NULL,NULL,NULL,12,'','','yuFbEeez94','2020-05-22 16:46:18','2020-05-22 16:46:18',1,NULL,NULL),(111,'Exodus - Second ',-1300,-1200,NULL,NULL,NULL,NULL,12,'','','XbpUc6SaEp','2020-05-22 16:46:18','2020-05-22 16:46:18',1,NULL,NULL),(112,'Moses ',-1592,-1472,NULL,NULL,NULL,NULL,12,'','\n<p>Lived 120 years.</p>\n','GPKyc3Knjt','2020-05-22 16:46:18','2020-05-22 16:46:18',1,NULL,NULL),(113,'Joshua ',-1565,-1455,NULL,NULL,NULL,NULL,12,'','\n<p>Lived 110 years.</p>\n','H5maW1Rn1v','2020-05-22 16:46:18','2020-05-22 16:46:18',1,NULL,NULL),(114,'Period of the Judges ',-1460,-1100,NULL,NULL,NULL,NULL,12,'https://en.wikipedia.org/wiki/Biblical_judges','\n<p>The Period of the Judges is one that has better stability of evidence.  From the passing of the torch from Joshua to the judges,\nthe textual analysis is stronger for the reality of the stories.\n</p>\n<p>1382 BC - 1063 BC - Period of the Judges - alternate dates\n</p>\n','xq9TVj8YF4','2020-05-22 16:46:19','2020-05-22 16:46:19',1,NULL,NULL),(115,'Taupo, New Zealand VEI 6 ',-1460,NULL,40,NULL,NULL,NULL,2,'https://en.wikipedia.org/wiki/Taupo_Volcano','\n<p>Confirmed Eruption |\nRadiocarbon (corrected)[[SkPxt8n594]]  |\nHoromatangi Reefs?</p>\n','ME5SSQUGt8','2020-05-22 16:46:19','2020-05-22 16:47:38',1,-38.820000,176.000000),(116,'Leviticus 19:19 ',-1400,NULL,NULL,NULL,NULL,NULL,9,'','\n<p>\n\' [the Hebrew people] shalt not sow their field with mingled seed... \'(King James Bible)\n</p>\n<p>\nSome scholars believe the phrase mingled seeds includes grafting, although this interpretation remains contentious among scholars as some have taken this phrase to mean purity of race as well.  \nIn reality, it seems to include things which waste time or resources.  Trying to crossbreed animals that are not compatible wastes time and effort.  \nWearing cloths of two or more fabrics is both a was of time and resources.  If a field is planted with two different seeds how can they be properly harvested?\n</p>\n','k3ZDYk4cnU','2020-05-22 16:46:19','2020-05-22 16:46:19',1,NULL,NULL),(117,'Trojan War ',-1260,-1180,NULL,NULL,NULL,NULL,7,'','','5hq2RyrtW7','2020-05-22 16:46:19','2020-05-22 16:46:19',1,NULL,NULL),(118,'Mycenae - Earthquake ',-1240,NULL,NULL,NULL,NULL,NULL,7,'','','eve9adAXXn','2020-05-22 16:46:20','2020-05-22 16:46:20',1,NULL,NULL),(119,'Mycenae - Earthquakes ',-1200,-1190,NULL,NULL,NULL,NULL,7,'','','LvwGApE91w','2020-05-22 16:46:20','2020-05-22 16:47:38',1,37.730792,22.756382),(120,'Late Bronze Age Collapse ',-1200,-1100,NULL,NULL,NULL,NULL,6,'','','5RBgbRznkM','2020-05-22 16:46:20','2020-05-22 16:47:40',1,NULL,NULL),(121,'Poseidon\'s Horses: Earthquake Swarm ',-1225,-1175,NULL,NULL,NULL,NULL,12,'','','bQp3jCc3xr','2020-05-22 16:46:20','2020-05-22 16:47:40',1,NULL,NULL),(122,'Sea People at the Nile Delta ',-1188,-1177,NULL,NULL,NULL,NULL,12,'','\n<p>They came by land.\n</p>\n','usVvrBkX2u','2020-05-22 16:46:21','2020-05-22 16:46:29',1,NULL,NULL),(123,'Canaan impacted by the Sea People ',-1185,NULL,NULL,NULL,NULL,NULL,12,'','\n<p>They came by land.\n</p>\n','Apbfu0YmyV','2020-05-22 16:46:21','2020-05-22 16:46:30',1,NULL,NULL),(124,'Destruction of Ugarit ',-1192,-1175,NULL,NULL,NULL,NULL,12,'','\n<p>Clay tablets describe part of the Sea People.\n</p>\n','H0w89sU5LL','2020-05-22 16:46:21','2020-05-22 16:46:30',1,NULL,NULL),(125,'Destruction of Mycenae ',-1210,-1200,NULL,NULL,NULL,NULL,7,'','\n<p>This event included both the Palaces and city attached as well. \n</p>\n','aW3Rp4gbEc','2020-05-22 16:46:21','2020-05-22 16:46:30',1,NULL,NULL),(126,'Onomasticon of Amenope ',-1100,NULL,NULL,NULL,NULL,NULL,12,'','\n<p>Egyptian document which lists peoples and places.  It lists about 7 groups of Sea People.\nIt gives credence to the idea that the Egyptians settled the Sea People in Canaan.\n</p>\n','y12VYwtjt3','2020-05-22 16:46:21','2020-05-22 16:46:30',1,NULL,NULL),(127,'Ramesses III narrative ',-1150,NULL,NULL,NULL,NULL,NULL,12,'https://en.wikipedia.org/wiki/Sea_Peoples','\n<p>Ramesses III fought the Sea People several times.  Each group had brought their families along and Ramesses III eventually settled each group in Canaan.\n</p>\n','cvFg5ERUrt','2020-05-22 16:46:21','2020-05-22 16:46:30',1,NULL,NULL),(128,'Merneptah narrative on the Sea People ',-1200,NULL,NULL,NULL,NULL,NULL,12,'https://en.wikipedia.org/wiki/Sea_Peoples','\n<p>This narrative speaks of the groups that attacked brought their wives and children.  \nAdditionally, their count of the dead reveal that the Ekwesh were circumcised.\n</p>\n','W924wQyPbX','2020-05-22 16:46:22','2020-05-22 16:46:30',1,NULL,NULL),(129,'Ramesses II Narrative on the Sea People ',-2100,NULL,NULL,NULL,NULL,NULL,12,'https://en.wikipedia.org/wiki/Sea_Peoples','\n<p>Ramesses II fights the Sherden and captures them.\nThey are incorporated into the Army and fight at the Battle of Kedesh.\n</p>\n','st21gxvfvy','2020-05-22 16:46:22','2020-05-22 16:46:31',1,NULL,NULL),(130,'Helka 3, Iceland VEI 6 ',-1159,NULL,50,NULL,NULL,NULL,9,'https://en.wikipedia.org/wiki/Hekla','\n<p>LHE date 1100 BC ±50 years[[jeYY2Wvcc6]] \n</p>\n','46d2AWc5L0','2020-05-22 16:46:22','2020-05-22 16:47:39',1,63.983333,-19.700000),(131,'Downturn of environment: Tree Ring Event(18 years) ',-1159,-1141,NULL,NULL,NULL,NULL,9,'','\n<p>Climate change recorded in tree rings.\n</p><p>\nLasted 18 years[[GWxc0fkuvM]] .</p>\n','2GeqQNuxKS','2020-05-22 16:46:22','2020-05-22 16:47:39',1,NULL,NULL),(132,'Greek Dark Ages ',-1100,-776,NULL,NULL,NULL,NULL,9,'','','2JDvtvAAMd','2020-05-22 16:46:23','2020-05-22 16:46:23',1,NULL,NULL),(133,'Homeric Minimum ',-950,-800,NULL,NULL,NULL,NULL,9,'','\n<p>Solar minimum.\n</p>\n','VjhTZ52x4H','2020-05-22 16:46:23','2020-05-22 16:46:23',1,NULL,NULL),(134,'First Olympic Games ',-776,NULL,NULL,NULL,NULL,NULL,7,'','','9ymnmxSGva','2020-05-22 16:46:23','2020-05-22 16:46:23',1,NULL,NULL),(135,'Book of Enoch ',-300,-200,NULL,NULL,NULL,NULL,12,'https://en.wikipedia.org/wiki/Book_of_Enoch','','rn86naGKmQ','2020-05-22 16:46:24','2020-05-22 16:46:32',1,NULL,NULL),(136,'Akhenaten  ',-1336,NULL,NULL,NULL,NULL,NULL,12,'https://en.wikipedia.org/wiki/Akhenaten','\n<p>Akhenaten abandoned polytheism for the worship of Aten or monotheism.\nOn his death, there was a backlash against Aten worship and monotheism in general.\nIt is possible this caused the second Exodus of the Israelites from Egypt.\nThe dates are of his reign as pharaoh.\n</p>\n','c3Brt4xqSj','2020-05-22 16:46:24','2020-05-22 16:46:24',1,NULL,NULL),(137,'Gebel Ramlah ',-6500,-3600,NULL,NULL,NULL,NULL,12,'https://en.wikipedia.org/wiki/Gebel_Ramlah','\n<p>This site 20 kilometers from Nabta Playa is itself a playa or lake.\nIt has the oldest known infant cemetery in the world.\n</p>\n','mDgpHm8fd0','2020-05-22 16:46:25','2020-05-22 16:46:25',1,22.710278,30.504722),(138,'Nekhen ',-5500,-3200,NULL,NULL,NULL,NULL,12,'https://en.wikipedia.org/wiki/Nekhen','\n<p>Nekhen is the city of the Cult of Horus.\nIt has the earliest temple which was made of wood and the earliest tomb with painted decoration on a plaster wall.\n</p>\n','81EkyAsNPf','2020-05-22 16:46:25','2020-05-22 16:46:25',1,25.097222,32.779444),(139,'First Irrigation at Choga Mami, Sumeria ',-4700,-4600,NULL,NULL,NULL,NULL,12,'https://en.wikipedia.org/wiki/Choga_Mami','\n<p>First canal irrigation supporting livestock and arable agriculture.</p>\n','GJ8JcA2ZQs','2020-05-22 16:46:26','2020-05-22 16:46:26',1,33.883330,45.449990),(140,'Nabta Playa, Egypt - Goats and Sheep Introduced ',-6100,NULL,NULL,NULL,NULL,NULL,18,'https://web.archive.org/web/20110806140123/http://www.comp-archaeology.org/WendorfSAA98.html','<p>No new huts or houses accompanied their introduction.\r\n</p>','sGtCUaCGJw','2020-05-22 16:46:27','2020-07-07 16:53:52',1,NULL,NULL),(141,'Archaeological Evidence of Cheese in Kujawy, Poland ',-5500,NULL,NULL,NULL,NULL,NULL,7,'https://en.wikipedia.org/wiki/Cheese','\n<p>Strainers with milk-fat coating found.\n</p>\n','h2Sr9VH3hk','2020-05-22 16:46:27','2020-05-22 16:46:27',1,NULL,NULL),(142,'Proposed Date for Cheese Making ',-8000,NULL,NULL,NULL,NULL,NULL,9,'https://en.wikipedia.org/wiki/Cheese','\n<p>Cheese has been proposed to have been made with the domestication of Sheep.\n</p>\n','ncs3MsTYg7','2020-05-22 16:46:27','2020-05-22 16:46:27',1,NULL,NULL),(143,'The Great Plague ',1665,NULL,NULL,NULL,NULL,NULL,7,'','\n<p>Plague strikes London.  30% reduction in the population.\n</p>\n','me7eynA8B1','2020-05-22 16:46:27','2020-05-22 16:46:27',1,NULL,NULL),(144,'Year of Darkness - global winter ',535,544,NULL,NULL,NULL,NULL,9,'','','qwpxGtfgpy','2020-05-22 16:46:28','2020-05-22 16:46:28',1,NULL,NULL),(145,'Failure of Bread ',535,NULL,NULL,NULL,NULL,NULL,7,'','','Gmjd20CjBw','2020-05-22 16:46:28','2020-05-22 16:46:28',1,NULL,NULL),(146,'Failure of Bread ',539,NULL,NULL,NULL,NULL,NULL,7,'','','GRNHn1Kt0z','2020-05-22 16:46:28','2020-05-22 16:46:28',1,NULL,NULL),(147,'Failure of Bread ',540,NULL,NULL,NULL,NULL,NULL,7,'','','dCttU5jNXY','2020-05-22 16:46:28','2020-05-22 16:46:28',1,NULL,NULL),(148,'Neolithic settlements in Greece ',-7000,-6000,NULL,NULL,NULL,NULL,7,'https://en.wikipedia.org/wiki/Greece','\n<p>Oldest neolithic structures in Europe by several centuries.</p>\n','yhuUcPP8gM','2020-05-22 16:46:31','2020-05-22 16:46:31',1,37.966667,23.716667),(149,'The Battle of Kedesh ',-1274,NULL,NULL,NULL,NULL,NULL,12,'https://en.wikipedia.org/wiki/Battle_of_Kadesh','\n<p>The draw created by the Battle of Kedesh created militaristic companies which would lead to the final collapse of the Bronze Age.\n</p>\n','NrD9FzZQZH','2020-05-22 16:46:31','2020-05-22 16:46:31',1,34.557810,36.519600),(150,'Peace Treaty for the Battle of Kedesh ',-1258,NULL,NULL,NULL,NULL,NULL,12,'https://en.wikipedia.org/wiki/Battle_of_Kadesh','\n<p>Peace treaty between Egypt and the Hittites signed 15 years after the battle of Kedesh. A replica of one of the silver tables is on display at the U.N.\n</p>\n','4L2LScTDbN','2020-05-22 16:46:31','2020-05-22 16:46:31',1,34.557810,36.519600),(151,'Blick Mead ',-10000,-6000,NULL,NULL,NULL,NULL,7,'https://en.wikipedia.org/wiki/Blick_Mead','\n<p>Home of the builders of Stonehenge.  Britian\'s first city.\n</p>\n','wLmvxdk8Ba','2020-05-22 16:46:31','2020-05-22 16:46:31',1,51.177400,1.787800),(152,'Ziusudra ',-3125,NULL,NULL,NULL,NULL,NULL,12,'https://en.wikipedia.org/wiki/Ziusudra','\n<p>Ziusudra was the Sumerian King during Noah\'s Flood.</p>\n','tPpUMrVfDK','2020-05-22 16:46:32','2020-05-22 16:46:32',1,NULL,NULL),(153,'Kortik Tepe ',-10400,-9700,NULL,NULL,NULL,NULL,13,'','\n<p>Established during the Younger Dryas.\n</p>\n','UzeMFtPTMR','2020-05-22 16:46:32','2020-05-22 16:46:32',1,NULL,NULL),(154,'Start of Cuneiform writing',-3500,-3000,NULL,NULL,NULL,NULL,12,'https://www.ancient.eu/cuneiform/','\n<p>Sumerian city of Uruk</p>\n','E2egfZUrDP','2020-05-22 16:46:33','2020-05-22 16:46:33',1,NULL,NULL),(155,'Cuneiform writing conveys concepts as well i.e. honour vs an honourable man',-3000,NULL,NULL,NULL,NULL,NULL,12,'https://www.ancient.eu/cuneiform/','','HQLd2ZyfWh','2020-05-22 16:46:33','2020-05-22 16:46:33',1,NULL,NULL),(156,'Cuneiform writing expresses full Rebus Principle',-2600,NULL,NULL,NULL,NULL,NULL,12,'https://www.ancient.eu/cuneiform/','','EkPWvrRdbQ','2020-05-22 16:46:33','2020-05-22 16:46:33',1,NULL,NULL),(157,'Wine-like drink developed in China ',-7000,NULL,NULL,NULL,NULL,NULL,8,'https://en.wikipedia.org/wiki/History_of_wine','\n<p>A grape-based fermented drink was found.\n</p>\n','sDexCPaqGk','2020-05-22 16:46:34','2020-05-22 16:46:34',1,NULL,NULL),(158,'Domestication of Grapes in Georgia ',-6000,NULL,NULL,NULL,NULL,NULL,5,'https://en.wikipedia.org/wiki/History_of_wine','','7Y0Mpu305b','2020-05-22 16:46:34','2020-05-22 16:46:34',1,NULL,NULL),(159,'Wine in Georgia ',-6000,NULL,NULL,NULL,NULL,NULL,5,'https://en.wikipedia.org/wiki/History_of_wine','','nEJub9huj8','2020-05-22 16:46:34','2020-05-22 16:46:34',1,NULL,NULL),(160,'Wine in Iran ',-5000,NULL,NULL,NULL,NULL,NULL,5,'https://en.wikipedia.org/wiki/History_of_wine','','wdT5KNyxZ9','2020-05-22 16:46:34','2020-05-22 16:46:34',1,NULL,NULL),(161,'Wine in Greece ',-4500,NULL,NULL,NULL,NULL,NULL,7,'https://en.wikipedia.org/wiki/History_of_wine','','hC536qbBSK','2020-05-22 16:46:34','2020-05-22 16:46:34',1,NULL,NULL),(162,'Wine in Sicily ',-4000,NULL,NULL,NULL,NULL,NULL,7,'https://en.wikipedia.org/wiki/History_of_wine','','wbvVKWHtDm','2020-05-22 16:46:34','2020-05-22 16:46:34',1,NULL,NULL),(163,'Oldest Winery in Armenia ',-4100,NULL,NULL,NULL,NULL,NULL,5,'https://en.wikipedia.org/wiki/History_of_wine','','Jt0tW2dZRY','2020-05-22 16:46:35','2020-05-22 16:46:35',1,NULL,NULL),(164,'Ka ',-3150,-3100,NULL,NULL,NULL,NULL,12,'https://en.wikipedia.org/wiki/Ka_(pharaoh)','\n<p>He is the earliest known Egyptian king with a serekh inscribed on a number of artifacts.\n</p>\n','epKv7ZeHJM','2020-05-22 16:46:35','2020-05-22 16:46:35',1,NULL,NULL),(165,'Gilgal',-9500,NULL,NULL,NULL,NULL,NULL,12,'','\n<p>Carbonized figs from a variant which can only be propagated by hand found dated to 9,400 BC.\n</p>\n','AKrEFCLJrG','2020-05-22 16:46:35','2020-05-22 16:46:35',1,32.032778,35.475556),(166,'Scorpion II ',-3100,-3100,NULL,NULL,NULL,NULL,12,'','\n<p>Starts conquest of Lower Egypt to unify Egypt. \nScorpion II could have been killed early on in the battle to unite Egypt.  \nSo we hear about the start of the war but not the victory.\n</p>\n','gfPpkF3PXW','2020-05-22 16:46:35','2020-05-22 16:46:35',1,NULL,NULL),(167,'Narmer ',-3100,-3050,NULL,NULL,NULL,NULL,12,'','\n<p>Finishes conquest of Lower Egypt to unify Egypt started by/with Scorpion II.\n</p>\n','kzD8W8wbJG','2020-05-22 16:46:36','2020-05-22 16:46:36',1,NULL,NULL),(168,'Gesher',-10459,NULL,348,NULL,NULL,NULL,12,'https://en.wikipedia.org/wiki/Gesher_(archaeological_site)','\n<p>Possible center of Neolithic Revolution.\n</p>\n','VcELE9ZLqH','2020-05-22 16:46:41','2020-05-22 16:46:41',1,32.602778,35.555556),(169,'Sippy cup appears in pottery ',-5500,NULL,NULL,NULL,NULL,NULL,12,'https://www.ancient-origins.net/news-history-archaeology/baby-bottles-0012631','\n<p>Sippy cup used to feed children found in excavations.</p>\n','zpmVtReXh1','2020-05-22 16:46:42','2020-05-22 16:46:42',1,NULL,NULL),(170,'Appearance of Wheeled Vehicles',-3700,-3500,NULL,NULL,NULL,NULL,12,'','','td6mC2BSQp','2020-05-22 16:46:42','2020-05-22 16:46:42',1,NULL,NULL),(171,'Potter\'s Wheel',-4500,NULL,NULL,NULL,NULL,NULL,13,'','','JdbEhAKfxw','2020-05-22 16:46:43','2020-05-22 16:46:43',1,NULL,NULL),(172,'Ljubljana Marshes Wheel',-3150,NULL,NULL,NULL,NULL,NULL,7,'','\n<p>Oldest wheel found.  Wheel was for a pushcart.\n</p>\n','WEZ0HTpV86','2020-05-22 16:46:43','2020-05-22 16:46:43',1,NULL,NULL),(173,'Hyxos introduce Horse to Egypt ',-1658,NULL,NULL,NULL,NULL,NULL,18,'','','VPRqyx9ue7','2020-05-22 16:46:43','2020-07-07 16:56:17',1,NULL,NULL),(174,'Propagation of Fig trees at Gilgal ',-9400,NULL,NULL,NULL,NULL,NULL,12,'','\n<p>Variant can only be propagated by hand.\n</p>\n','XT0nvLDFP9','2020-05-22 16:46:43','2020-05-22 16:46:43',1,NULL,NULL),(175,'Carnac Stones in Brittany ',-4500,-3300,NULL,NULL,NULL,NULL,7,'','','00pZXaEgB2','2020-05-22 16:46:43','2020-05-22 16:46:43',1,47.596500,-3.066000),(176,'Work started on The Cursus at Stonehenge ',-3630,-3375,NULL,NULL,NULL,NULL,7,'https://en.wikipedia.org/wiki/Stonehenge_Cursus','\n<p>The Cursus is aligned on the equinox sunrise which rises over the eastern long barrow.  Two artificial pits at either end of the Cursus aligns\nwith the sunrise and sunset at mid-summer to a point in Stonehenge.\n</p>\n','M73ZbBymxb','2020-05-22 16:46:44','2020-05-22 16:46:44',1,51.186000,1.826000),(177,'Çatalhöyük ',-7500,-5700,NULL,NULL,NULL,NULL,12,'https://en.wikipedia.org/wiki/%C3%87atalh%C3%B6y%C3%BCk','','k4YVW9JqNQ','2020-05-22 16:46:44','2020-05-22 16:46:44',1,37.666667,32.828056),(178,'Tell Sabi Abyad ',-7550,-1250,NULL,NULL,NULL,NULL,12,'https://en.wikipedia.org/wiki/Tell_Sabi_Abyad','','J9B3NHNARJ','2020-05-22 16:46:44','2020-05-22 16:46:44',1,36.504000,39.093000),(179,'Oldest pottery in Syria - Tell Sabi Abyad ',-6900,-6800,NULL,NULL,NULL,NULL,12,'https://en.wikipedia.org/wiki/Tell_Sabi_Abyad','','Nrf1qs55qB','2020-05-22 16:46:44','2020-05-22 16:46:44',1,36.504000,39.093000),(180,'Small reoccupation of Jerico ',-1500,NULL,NULL,NULL,NULL,NULL,12,'','','JzS2xjhHun','2020-05-22 16:46:45','2020-05-22 16:46:45',1,31.871000,35.444000),(181,'Jerico unoccupied ',-1400,-900,NULL,NULL,NULL,NULL,12,'','','DW03CMgtLU','2020-05-22 16:46:45','2020-05-22 16:46:45',1,31.871000,35.444000),(182,'Mureybet ',-10200,-8000,NULL,NULL,NULL,NULL,12,'https://en.wikipedia.org/wiki/Mureybet','','uaKzJYb5JL','2020-05-22 16:46:45','2020-05-22 16:46:45',1,36.043400,38.128700),(183,'Suppiluliuma I died in the plague which spread across the region ',-1322,NULL,NULL,NULL,NULL,NULL,12,'','\n<p>\nIt is thought that this plague came from captives from wars particularly Egypt.\n</p>\n','wsyqYTqC0R','2020-05-22 16:46:46','2020-05-22 16:46:46',1,NULL,NULL),(184,'Çayönü Tepesi ',-7200,-6600,NULL,NULL,NULL,NULL,12,'https://en.wikipedia.org/wiki/%C3%87ay%C3%B6n%C3%BC','','K1BKscg7fr','2020-05-22 16:46:46','2020-05-22 16:46:46',1,38.216389,39.726389),(185,'Sweet Track in Britain ',-3807,NULL,NULL,NULL,NULL,NULL,7,'https://en.wikipedia.org/wiki/Sweet_Track','\n<p>Trackway built over older trackway from 3838 BC.\n</p>\n','KQ3XBLwNLX','2020-05-22 16:46:46','2020-05-22 16:46:46',1,51.164167,-2.826389),(186,'Galen ',216,NULL,NULL,NULL,NULL,NULL,9,'','\n<p>Doctor during the Antonine Plague.\n</p>\n','pjawg4FQbQ','2020-05-22 16:46:46','2020-05-22 16:46:46',1,NULL,NULL),(187,'Antonine Plague - First appearance of Smallpox ',165,180,NULL,NULL,NULL,NULL,7,'','','ZKHLTQwLE0','2020-05-22 16:46:46','2020-05-22 16:46:46',1,NULL,NULL),(188,'Plague of Cyprian - Second appearance of Smallpox ',251,270,NULL,NULL,NULL,NULL,7,'','','sBHSQ7k0Fq','2020-05-22 16:46:47','2020-05-22 16:46:47',1,NULL,NULL),(189,'Measles emerges as an infectious disease ',500,900,NULL,NULL,NULL,NULL,7,'','','1rDb6qz116','2020-05-22 16:46:47','2020-05-22 16:46:47',1,NULL,NULL),(190,'Persian physician Rhazes 860–932 ',932,NULL,NULL,NULL,NULL,NULL,8,'','\n<p>The first systematic description of measles, and its distinction from smallpox and chickenpox, in \'The Book of Smallpox and Measles\'.\n</p>\n','hyXZhwykgS','2020-05-22 16:46:47','2020-05-22 16:46:47',1,NULL,NULL),(191,'Flood of Ogyges ',-9600,NULL,NULL,NULL,NULL,NULL,7,'','\n<p>Plato, Laws, Book III.\n</p>\n','9tn4VmkrwC','2020-05-22 16:46:47','2020-05-22 16:46:47',1,NULL,NULL),(192,'Chickens reached Europe ',-3000,NULL,NULL,NULL,NULL,NULL,7,'','','SRTJqfSk5F','2020-05-22 16:46:47','2020-05-22 16:46:47',1,NULL,NULL),(193,'Chickens reached Syria ',-2000,NULL,NULL,NULL,NULL,NULL,12,'','','57bkBUvvPF','2020-05-22 16:46:48','2020-05-22 16:46:48',1,NULL,NULL),(194,'Chickens reached Egypt ',-1400,NULL,NULL,NULL,NULL,NULL,18,'','','3Ta0LTDDs6','2020-05-22 16:46:48','2020-07-07 16:57:39',1,NULL,NULL),(195,'China/Harappan origins of Chickens ',-6000,NULL,NULL,NULL,NULL,NULL,8,'','','zZtGAp17DD','2020-05-22 16:46:48','2020-05-22 16:46:48',1,NULL,NULL),(196,'Signs of Tuberculosis in humans ',-4000,NULL,NULL,NULL,NULL,NULL,9,'','\n<p>Acquired from domesticated animals</p>\n','ns9CC89SuD','2020-05-22 16:46:48','2020-05-22 16:46:48',1,NULL,NULL),(197,'Tubercular decay in the spines of Egyptian mummies ',-3000,-2400,NULL,NULL,NULL,NULL,18,'','','QE8SWeCAZA','2020-05-22 16:46:48','2020-07-07 16:56:05',1,NULL,NULL),(198,'One in four deaths in England was due to \'consumption\'/Tuberculosis ',1815,NULL,NULL,NULL,NULL,NULL,7,'','','1rh0u9XRV6','2020-05-22 16:46:49','2020-05-22 16:46:49',1,NULL,NULL),(199,'Oldest skeletal evidence for Leprosy ',-2000,NULL,NULL,NULL,NULL,NULL,6,'','\n<p>Found in human remains from the archaeological sites of Balathal in India and Harappa in Pakistan</p>\n','bE7MSrg509','2020-05-22 16:46:49','2020-05-22 16:46:49',1,NULL,NULL),(200,'Leprosy probably did not exist in Greece or the Middle East before Common Era ',1,NULL,NULL,NULL,NULL,NULL,12,'','','qYqGHDfCJR','2020-05-22 16:46:49','2020-05-22 16:46:49',1,NULL,NULL),(201,'Hippocrates describes Leprosy ',-460,NULL,NULL,NULL,NULL,NULL,7,'','','FYG5xUSE4a','2020-05-22 16:46:49','2020-05-22 16:46:49',1,NULL,NULL),(202,'Pigs were domesticated from wild boar ',-12700,NULL,NULL,NULL,NULL,NULL,12,'','','HHTwa41PrB','2020-05-22 16:46:49','2020-05-22 16:46:49',1,NULL,NULL),(203,'Domestication of Horses ',-3500,NULL,NULL,NULL,NULL,NULL,9,'https://en.wikipedia.org/wiki/Domestication_of_the_horse','','QB14jtRzPy','2020-05-22 16:46:50','2020-05-22 16:46:50',1,NULL,NULL),(204,'Domestication of Donkeys ',-3000,NULL,NULL,NULL,NULL,NULL,12,'https://en.wikipedia.org/wiki/Donkey','\n<p>\n</p>\n','GU4g3DkzDZ','2020-05-22 16:46:50','2020-05-22 16:46:50',1,NULL,NULL),(205,'Two distinct dog branches - East and West ',-12000,-4400,NULL,NULL,NULL,NULL,6,'','\n<p>Western Dog branch replaced by Eastern by 4,400 BC.\n</p>\n','ERv4My65ba','2020-05-22 16:46:50','2020-05-22 16:46:50',1,NULL,NULL),(206,'Domestication of Sheep ',-11000,-9000,NULL,NULL,NULL,NULL,12,'','','8RBbTPZQfv','2020-05-22 16:46:50','2020-05-22 16:46:50',1,NULL,NULL),(207,'Domestication of Goats ',-7000,-6000,NULL,NULL,NULL,NULL,12,'','','nrjwun80pN','2020-05-22 16:46:51','2020-05-22 16:46:51',1,NULL,NULL),(208,'Establishment of Bactria ',-2500,-2000,NULL,NULL,NULL,NULL,12,'https://en.wikipedia.org/wiki/Bactria','','vyZk3dPkba','2020-05-22 16:46:51','2020-05-22 16:46:51',1,NULL,NULL),(209,'Domestication of Cats ',-7500,-7000,NULL,NULL,NULL,NULL,12,'','','hYXqj6J6ZJ','2020-05-22 16:46:51','2020-05-22 16:46:51',1,NULL,NULL),(210,'Hunter/Gatherer Agriculture ',-12000,-10950,NULL,NULL,NULL,NULL,6,'','\n<p>The first agriculture or selection of plants for food to carry started with wild grains as the groups moved across the landscape.\n</p>\n<p>This ended with the Younger Dryas Impact.  The Younger Dryas pushed the growing zones for grain more southward.  Starvation and the \nabandonment of settlements as the people moved around to find food.  Their movement and attempts to find grain caused them to try to grow\nit where conditions seemed right creating true agriculture.\n</p>\n','fQPLn9mMdE','2020-05-22 16:46:51','2020-05-22 16:46:51',1,NULL,NULL),(211,'The eight Neolithic founder crops ',-9500,NULL,NULL,NULL,NULL,NULL,12,'','\n<p> The crops were the first to be domesticated: emmer and einkorn wheat, hulled barley, peas, lentils, bitter vetch, chick peas and flax.\nThe first cultivation was in the Levant.\n</p>\n','9G5x5K8p0Q','2020-05-22 16:46:52','2020-05-22 16:46:52',1,NULL,NULL),(212,'Atlantis sinks beneath the waves ',-9600,NULL,NULL,NULL,NULL,NULL,7,'https://en.wikipedia.org/wiki/Atlantis','\n<p>Gobekli Tepe gives credence of an advanced civilization which sank beneath the wave of the sea.\nThe date is from Solon\'s conversation with a high priest of Egypt.\nThe description of the events of the Greeks at the time of Atlantis seems to rule out the 9,600 BC date since there is no evidence of the Greeks being organized enough to engage in warfare with anyone.\n</p>\n','BfYmMLC8xA','2020-05-22 16:46:52','2020-05-22 16:46:52',1,NULL,NULL),(213,'Battle of Kedesh ',-1274,NULL,NULL,NULL,NULL,NULL,12,'','','tvdbE1JgDG','2020-05-22 16:46:52','2020-05-22 16:46:52',1,34.570000,36.510000),(214,'Domestication of Cows ',-9500,NULL,NULL,NULL,NULL,NULL,12,'https://en.wikipedia.org/wiki/Cattle','','nd4jE0AbKZ','2020-05-22 16:46:53','2020-05-22 16:46:53',1,NULL,NULL),(215,'Flood of Dardanus ',-8500,NULL,NULL,NULL,NULL,NULL,7,'','\n<p>The story of the flood of Dardanus states that Dardanus survived on the mountain which became Samothraki island in the Aegean sea.  \nThe date for the flooding of the Samothraki plateau is about 8,500 BC.</p>\n','WEqrK4LVQn','2020-05-22 16:46:54','2020-05-22 16:46:54',1,NULL,NULL),(216,'Beginnings of grain agriculture ',-8300,NULL,NULL,NULL,NULL,NULL,12,'','','psy3BQPzTv','2020-05-22 16:46:54','2020-05-22 16:46:54',1,NULL,NULL),(217,'Monolith worked on at submerged site south of Sicily ',-7350,NULL,NULL,NULL,NULL,NULL,7,'','\n<p>Pantelleria Vecchia Bank</p>\n','R37hf39Lqh','2020-05-22 16:46:54','2020-05-22 16:46:54',1,NULL,NULL),(218,'Nevali Cori ',-8400,-8100,NULL,NULL,NULL,NULL,12,'https://en.wikipedia.org/wiki/Neval%C4%B1_%C3%87ori','\n<p>The site is known for having some of the world\'s oldest known temples and monumental sculpture. \nTogether with the earlier site of Göbekli Tepe, it has revolutionised scientific understanding of the Eurasian Neolithic period. \nThe oldest domesticated Einkorn wheat was found there\n</p>\n','wbSUhnGKRA','2020-05-22 16:46:54','2020-05-22 16:46:54',1,37.518333,38.605556),(219,'Sphinx created at Kortik Tepe ',-9500,NULL,NULL,NULL,NULL,NULL,13,'','\n<p></p>\n','Q5sRe2RP6D','2020-05-22 16:46:54','2020-05-22 16:46:54',1,NULL,NULL),(220,'Plague of Emmaus ',639,NULL,NULL,NULL,NULL,NULL,7,'','\n<p>Bubonic Plague struck after conquest by the Rashidun Caliphate who setup a military camp.\n</p>\n','bzgpybQ9NK','2020-05-22 16:46:55','2020-05-22 16:46:55',1,NULL,NULL),(221,'Possible water damage to the sphinx with impact from Burckle Crater ',-3125,NULL,NULL,NULL,NULL,NULL,12,'','\n<p>The Water erosion hypothesis says that they is evidence of water erosion in the quarry from which the Sphinx was created.  \nIt gives no date for the water fall. \nIt would seem that Noah\'s flood is the most likely cause of the erosion.\n</p>\n','RtbVZ8byqU','2020-05-22 16:46:56','2020-05-22 16:46:56',1,29.975278,31.137778),(222,'First Ocean going reed boats ',-6000,NULL,NULL,NULL,NULL,NULL,6,'','\n<p>The first ocean going reed boats used between the Mesopotamia delta and Kuwait and other place along the Gulf shore area.</p>\n','v37JEcaTAt','2020-05-22 16:46:56','2020-05-22 16:46:56',1,NULL,NULL),(223,'Dugout canoe ',-8200,-7600,NULL,NULL,NULL,NULL,7,'','','AFf9M3PDG9','2020-05-22 16:46:56','2020-05-22 16:46:56',1,NULL,NULL),(224,'Copper Mining at Rio Tinto, Spain ',-3000,NULL,NULL,NULL,NULL,NULL,7,'','\n<p>\nRio Tinto is the oldest mine in use in the western hemisphere.  \nIt\'s importance in history has been over looked.  Perhaps due to it\'s remoteness with Spain itself, its story is reduced.\n</p><p>\nRio Tinto was mined by Neolithic man starting at least 3,000 BC.  \nA stone hoe was found at excavations at the site.</p>\n','Nf6AhpuWuG','2020-05-22 16:46:56','2020-05-22 16:46:56',1,37.210000,-6.938000),(225,'Start of Mayan Calendar ',-3114,NULL,NULL,NULL,NULL,NULL,3,'https://en.wikipedia.org/wiki/Maya_calendar','','a2gu3ThF9r','2020-05-22 16:46:56','2020-05-22 16:46:56',1,NULL,NULL),(226,'Rio Tinto Smelting recorded in Ice Cores ',-2475,-2275,NULL,NULL,NULL,NULL,7,'','\n<p>Mining stopped with  the exhaustion of the forests.</p>\n','ruCwmw2EJc','2020-05-22 16:46:56','2020-05-22 16:46:56',1,37.210000,-6.938000),(227,'End of Rio Tinto Smelting - Deforestation ',-2275,NULL,NULL,NULL,NULL,NULL,7,'','\n<p>The end of the smelting at \nRio Tinto\nRio Tinto was due to the deforestation of the surrounding areas.</p>\n','bc8SUN2pyN','2020-05-22 16:46:57','2020-05-22 16:46:57',1,37.210000,-6.938000),(228,'Phoenicians arrive at Rio Tinto ',-1100,NULL,NULL,NULL,NULL,NULL,7,'https://en.wikipedia.org/wiki/Tartessos','\n<p>Phoenicians begin trading with the Tartessians at Rio Tinto.</p>\n','y0DRe7mJtP','2020-05-22 16:46:57','2020-05-22 16:46:57',1,37.210000,-6.938000),(229,'Leather Bellows ',-900,NULL,NULL,NULL,NULL,NULL,9,'','','A94BWfpMEs','2020-05-22 16:46:57','2020-05-22 16:46:57',1,NULL,NULL),(230,'Rio Tinto as King Solomon\'s mines ',-971,-931,NULL,NULL,NULL,NULL,7,'https://en.wikipedia.org/wiki/Tartessos','','Q5tByam5CW','2020-05-22 16:46:57','2020-05-22 16:46:57',1,37.210000,-6.938000),(231,'Solon ',-638,-558,NULL,NULL,NULL,NULL,7,'','','fYupH1DP9M','2020-05-22 16:46:57','2020-05-22 16:46:57',1,NULL,NULL),(232,'Carthaginians Arrive at Rio Tinto ',-535,NULL,NULL,NULL,NULL,NULL,7,'https://en.wikipedia.org/wiki/Tartessos','','66HukhYdCR','2020-05-22 16:46:57','2020-05-22 16:46:57',1,37.210000,-6.938000),(233,'Grafting practice for grapevines ',-500,NULL,NULL,NULL,NULL,NULL,12,'https://en.wikipedia.org/wiki/Grafting','\n<p>\nThe Mishna describes grafting as a commonplace technique used to grow grapevines.\n</p>\n','eUj1Ktsw4Q','2020-05-22 16:46:58','2020-05-22 16:46:58',1,NULL,NULL),(234,'Plague of Athens ',-430,NULL,NULL,NULL,NULL,NULL,7,'','\n<p>\nTyphus appears among the Athenians.</p>\n','k6tXDPpwZB','2020-05-22 16:46:58','2020-05-22 16:46:58',1,NULL,NULL),(235,'Skara Brae inundated',-2200,NULL,NULL,NULL,NULL,NULL,7,'https://en.wikipedia.org/wiki/Skara_Brae','\n<p>\nSkara Brae is on the west coast of Mainland in the Orkney Isles off Scotland.  \nIt is considered on with the best preserved Bronze Age villages due to being burred by a sand storm.  \nIt is possible that it was buried by a tsunami as well.\n</p>\n','rjcA0ZucX9','2020-05-22 16:46:58','2020-05-22 16:46:58',1,59.048611,-3.343056),(236,'Plague of Cyprian ',251,270,NULL,NULL,NULL,NULL,1,'','\n<p>Second appearance of Smallpox.\nThis plague is credited with having a substantial amount of influence of public view of Christianity as only the Christians were attending the plague victims.\n</p>\n','S7DXWA7e30','2020-05-22 16:46:58','2020-05-22 16:46:58',1,NULL,NULL),(237,'Final collapse of the Roman Empire ',600,NULL,NULL,NULL,NULL,NULL,7,'','\n<p>\nLost of \'Noblest third\' of population.\nLoss of complexity.\n</p>\n','HpwDnPp2C4','2020-05-22 16:46:58','2020-05-22 16:46:58',1,NULL,NULL),(238,'End of Migration Period ',700,NULL,NULL,NULL,NULL,NULL,7,'','','XcE5LHaDsX','2020-05-22 16:46:59','2020-05-22 16:46:59',1,NULL,NULL),(239,'The Great Famine ',1315,1317,NULL,NULL,NULL,NULL,7,'','','b4LjfqvLT8','2020-05-22 16:46:59','2020-05-22 16:46:59',1,NULL,NULL),(240,'Black Death - The third occurrence of Plague in Europe',1347,1351,NULL,NULL,NULL,NULL,7,'','\n<p>Third Occurrence of Plague in Europe.  Estimated 50% reduction in the population.\n</p>\n','qD7nSGuAY3','2020-05-22 16:46:59','2020-05-22 16:46:59',1,NULL,NULL),(241,'Tell Qaramel ',-10898,-9300,NULL,NULL,NULL,NULL,12,'https://en.wikipedia.org/wiki/Tell_Qaramel','\n<p>Known for five tower structures.\n</p>\n','5qbZM03txv','2020-05-22 16:46:59','2020-05-22 16:46:59',1,36.377800,37.275100),(242,'Tell Qaramel - Oldest tower in a settlement ',-10898,-9670,NULL,NULL,NULL,NULL,12,'https://en.wikipedia.org/wiki/Tell_Qaramel','\n<p>Pre-dates Jericho by two millennia.\n</p>\n','JPS39BWHHE','2020-05-22 16:47:00','2020-05-22 16:47:00',1,36.377800,37.275100),(243,'Cotopaxi, Ecuador VEI 5+ ',-5820,NULL,75,NULL,NULL,NULL,3,'https://en.wikipedia.org/wiki/Cotopaxi','\n<p>\n[[nbQKgFg91m]] \n</p>\n','rFepmCrWw7','2020-05-22 16:47:00','2020-05-22 16:47:01',1,-0.680556,-78.437778),(244,'Cotopaxi, Ecuador VEI 5+ ',-3880,NULL,75,NULL,NULL,NULL,3,'https://en.wikipedia.org/wiki/Cotopaxi','\n<p>\n[[JekYG6vpkH]] \n</p>\n','uexK9HCkKf','2020-05-22 16:47:01','2020-05-22 16:47:01',1,-0.680556,-78.437778),(245,'Billy Mitchell, Bougainville Island VEI 5+ ',1030,NULL,25,NULL,NULL,NULL,2,'https://en.wikipedia.org/wiki/Billy_Mitchell_(volcano)','\n<p>\n[[6bLUDpL6hN]] \n</p>\n','e4vPqMpK0S','2020-05-22 16:47:01','2020-05-22 16:47:01',1,-6.092000,155.225000),(246,'Masaya, Nicaragua VEI 5+ ',150,NULL,NULL,NULL,NULL,NULL,9,'https://en.wikipedia.org/wiki/Masaya_Volcano','<p>\r\n[[QTVHNKe8py]] \r\n</p>','XFjE5gafan','2020-05-22 16:47:02','2020-07-07 17:14:38',1,11.982778,-86.161944),(247,'Older Dryas',-16050,-14700,NULL,NULL,NULL,NULL,9,'https://en.wikipedia.org/wiki/Oldest_Dryas','','1j6trpRcB5','2020-05-22 16:47:03','2020-05-22 16:47:03',1,NULL,NULL),(248,'Electromagnetic storm from the Sun sets off magnetic mines off the coast of Vietnam. ',1972,NULL,NULL,NULL,NULL,NULL,16,'','','NtG2nNsYVX','2020-05-22 16:47:03','2020-05-22 16:47:03',1,NULL,NULL),(249,'Electromagnetic Storm ',-591,NULL,NULL,NULL,NULL,NULL,9,'','','5uYs5Tk5qE','2020-05-22 16:47:03','2020-05-22 16:47:03',1,NULL,NULL),(250,'Electromagnetic Storm ',775,NULL,NULL,NULL,NULL,NULL,9,'','','8C6FY4FKZ4','2020-05-22 16:47:03','2020-05-22 16:47:03',1,NULL,NULL),(251,'Electromagnetic Storm ',994,NULL,NULL,NULL,NULL,NULL,9,'','','bzkXdUXgwJ','2020-05-22 16:47:04','2020-05-22 16:47:04',1,NULL,NULL),(252,'Flooding of the Persian Gulf ',-16000,-4000,NULL,NULL,NULL,NULL,12,'','\n<p>Kicked out of Eden the first time.\n</p>\n','0bauDNgwCc','2020-05-22 16:47:04','2020-05-22 16:47:04',1,26.000000,52.000000),(253,'Zerelia West ',-5000,NULL,NULL,NULL,NULL,NULL,7,'','\n<p>Unconfirmed</p>\n','x7kk5pyGyZ','2020-05-22 16:47:04','2020-05-22 16:47:04',1,39.163333,22.708889),(254,'Zerelia East ',-5000,NULL,NULL,NULL,NULL,NULL,7,'','\n<p>Unconfirmed</p>\n','7bXAC0NATd','2020-05-22 16:47:04','2020-05-22 16:47:04',1,39.161944,22.714167),(255,'Boxhole ',-3400,NULL,NULL,NULL,NULL,NULL,2,'','\n<p>Unconfirmed</p>\n','ffv3D8pMvh','2020-05-22 16:47:04','2020-05-22 16:47:04',1,-22.616667,135.200000),(256,'Kachchh (Luna) ',-2000,NULL,NULL,NULL,NULL,NULL,6,'','\n<p>Unconfirmed</p>\n','8Z9MREcnRu','2020-05-22 16:47:05','2020-05-22 16:47:05',1,23.704722,69.260278),(257,'Svetloyar lake ',-600,NULL,NULL,NULL,NULL,NULL,6,'','\n<p>Unconfirmed</p>\n','dgtKveTByN','2020-05-22 16:47:05','2020-05-22 16:47:05',1,56.819000,45.093000),(258,'Merewether ',1100,NULL,NULL,NULL,NULL,NULL,14,'','\n<p>Unconfirmed</p>\n','axtS447NJ8','2020-05-22 16:47:05','2020-05-22 16:47:05',1,58.040000,-64.050000),(259,'Ak-Bura (Murgab) ',1700,NULL,NULL,NULL,NULL,NULL,6,'','\n<p>Unconfirmed</p>\n','3ySj3GxfKu','2020-05-22 16:47:05','2020-05-22 16:47:05',1,38.094028,74.282778),(260,'Lake Cheko ',1908,NULL,NULL,NULL,NULL,NULL,8,'','\n<p>Unconfirmed</p>\n','PU9DbmHpny','2020-05-22 16:47:05','2020-05-22 16:47:05',1,60.964000,101.860000),(261,'Curuçá astrobleme ',1930,NULL,NULL,NULL,NULL,NULL,15,'','\n<p>Unconfirmed</p>\n','Z3RtxapZzW','2020-05-22 16:47:06','2020-05-22 16:47:06',1,-5.183333,-71.633333),(262,'Tsunami at Tartessos area ',-1500,NULL,NULL,NULL,NULL,NULL,7,'https://en.wikipedia.org/wiki/Tartessos','','r73pZycQ87','2020-05-22 16:47:06','2020-05-22 16:47:06',1,37.210000,-6.938000),(263,'Sirente Italy ',312,NULL,90,NULL,NULL,NULL,7,'','\n<p>This event may be the cause of Roman emperor Constantine\'s vision at Milvian Bridge.\n</p>\n<p>Unconfirmed</p>\n','V1mAf42Pme','2020-05-22 16:47:06','2020-05-22 16:47:06',1,42.177222,13.595833),(264,'Campo del Cielo Crater ',-2000,NULL,NULL,NULL,NULL,NULL,9,'','','nuxZQYfS2P','2020-05-22 16:47:06','2020-05-22 16:47:57',1,NULL,NULL),(265,'Carancas Impact Crater ',2007,NULL,NULL,NULL,NULL,NULL,9,'','','ukrjCBUmbx','2020-05-22 16:47:06','2020-05-22 16:47:57',1,NULL,NULL),(266,'Chelyabinsk meteor ',2013,NULL,NULL,NULL,NULL,NULL,9,'','','qsJG4URWs3','2020-05-22 16:47:07','2020-05-22 16:47:57',1,NULL,NULL),(267,'Grendel Crater ',536,NULL,NULL,NULL,NULL,NULL,9,'','','UTTApsqkVz','2020-05-22 16:47:07','2020-05-22 16:47:57',1,NULL,NULL),(268,'Haviland Crater ',1000,NULL,NULL,NULL,NULL,NULL,9,'','','dc9gQyEqSq','2020-05-22 16:47:07','2020-05-22 16:47:58',1,NULL,NULL),(269,'Henbury Meteorites Conservation Reserve ',-2700,NULL,NULL,NULL,NULL,NULL,9,'','','9bngdAxPan','2020-05-22 16:47:07','2020-05-22 16:47:58',1,NULL,NULL),(270,'Ilumetsa Crater ',-4600,NULL,NULL,NULL,NULL,NULL,9,'','','UxP5UmaRKS','2020-05-22 16:47:08','2020-05-22 16:47:58',1,NULL,NULL),(271,'Morasko Meteorite Nature Reserve ',-3000,NULL,NULL,NULL,NULL,NULL,7,'https://en.wikipedia.org/wiki/Morasko_Meteorite_Nature_Reserve','','2H5rudkDJ4','2020-05-22 16:47:08','2020-05-22 16:47:08',1,52.483333,16.900000),(272,'Rio Caurto Craters ',-3000,NULL,NULL,NULL,NULL,NULL,9,'','','TyBrPBmmQZ','2020-05-22 16:47:08','2020-05-22 16:47:58',1,NULL,NULL),(273,'Sobolev Crater ',1000,NULL,NULL,NULL,NULL,NULL,9,'','','KRabw6cnG7','2020-05-22 16:47:08','2020-05-22 16:47:59',1,NULL,NULL),(275,'Wabar Craters ',1863,NULL,NULL,NULL,NULL,NULL,9,'','','UHgAv5VfKV','2020-05-22 16:47:09','2020-05-22 16:47:59',1,NULL,NULL),(276,'Kamil Crater ',-3000,NULL,NULL,NULL,NULL,NULL,9,'','','sCBMSs1zWv','2020-05-22 16:47:09','2020-05-22 16:47:59',1,NULL,NULL),(277,'Whitecourt Crater ',1105,NULL,NULL,NULL,NULL,NULL,9,'','','RE6sybpuy7','2020-05-22 16:47:09','2020-05-22 16:47:59',1,NULL,NULL),(278,'Dalgaranga crater ',-1000,NULL,NULL,NULL,NULL,NULL,9,'','','3XE52EuZT4','2020-05-22 16:47:09','2020-05-22 16:47:59',1,NULL,NULL),(279,'Eruption of Mount Edgecumbe, Alaska ',-7220,NULL,NULL,NULL,NULL,NULL,9,'','','UpWk55r1Pe','2020-05-22 16:47:10','2020-05-22 16:47:10',1,57.050000,-135.750000),(280,'Older Peron ',-5000,-4100,NULL,NULL,NULL,NULL,9,'','\n<p>High point in sea levels during the Holocene.\n</p>\n','EJHGdM5L4P','2020-05-22 16:47:10','2020-05-22 16:47:10',1,NULL,NULL),(281,'Younger Peron Transgression ',-4000,-3400,NULL,NULL,NULL,NULL,9,'','\n<p>Second highest point in sea levels during the Holocene.\n</p>\n','ajNzzRs1an','2020-05-22 16:47:10','2020-05-22 16:47:10',1,NULL,NULL),(282,'Bond 8 - End of Younger Dryas ',-9100,NULL,NULL,NULL,NULL,NULL,9,'','\n<p>The Gulf Stream resumes.</p>\n','YRCfJS2nLV','2020-05-22 16:47:10','2020-05-22 16:47:10',1,NULL,NULL),(283,'Bond 7 ',-8300,NULL,NULL,NULL,NULL,NULL,9,'','','3hMVZ6dfEn','2020-05-22 16:47:11','2020-05-22 16:47:11',1,NULL,NULL),(284,'Bond 6 - Erdalen Glacial activity ',-7400,NULL,NULL,NULL,NULL,NULL,9,'','','vQXWxpsph8','2020-05-22 16:47:11','2020-05-22 16:47:11',1,NULL,NULL),(285,'Sakura-Jima, Kyushu (Japan) VEI 6+ ',-6200,NULL,1000,NULL,NULL,NULL,8,'https://en.wikipedia.org/wiki/Sakurajima','\n<p>[[0BGqbZBSqE]] </p>\n','6wGehXUucS','2020-05-22 16:47:11','2020-05-22 16:47:12',1,31.580000,130.658000),(286,'Land Bridge from Siberia to North America sinks ',-12000,NULL,NULL,NULL,NULL,NULL,8,'','','Nv6Q3PFQz9','2020-05-22 16:47:12','2020-05-22 16:47:12',1,NULL,NULL),(287,'Pinatubo, Philippines VEI 6 ',1991,NULL,NULL,NULL,NULL,NULL,16,'https://en.wikipedia.org/wiki/Mount_Pinatubo','\n<p>Confirmed Eruption |\nHistorical Observations\nLower north flank and summit</p>\n','MFFjRnC7JK','2020-05-22 16:47:12','2020-05-22 16:47:12',1,15.130000,120.350000),(288,'Novarupta ',1912,NULL,NULL,NULL,NULL,NULL,14,'https://en.wikipedia.org/wiki/Novarupta','\n<p>Confirmed Eruption |\nHistorical Observations\n</p>\n','nHefqxyjdu','2020-05-22 16:47:13','2020-05-22 16:47:13',1,58.270000,-155.157000),(289,'Santa Maria VEI 6 ',1902,NULL,NULL,NULL,NULL,NULL,3,'https://en.wikipedia.org/wiki/Santa_Mar%C3%ADa_(volcano)','\n<p>Confirmed Eruption |\nHistorical Observations\nSW flank</p>\n','fG0cxZTDtn','2020-05-22 16:47:13','2020-05-22 16:47:13',1,14.756000,-91.552000),(290,'Krakatau, Indonesia VEI 6 ',1883,NULL,NULL,NULL,NULL,NULL,16,'https://en.wikipedia.org/wiki/Krakatoa','\n<p>Confirmed Eruption |\nHistorical Observations\nKrakatau Island (Perbuwatan, Danan)</p>\n','1jjBR6QPeq','2020-05-22 16:47:14','2020-05-22 16:47:14',1,-6.102000,105.423000),(291,'Tambora, Indonesia VEI 7 continuous eruptions until explosion in 1815 ',1812,1815,NULL,NULL,NULL,NULL,16,'https://en.wikipedia.org/wiki/Mount_Tambora','\n<p>Continuous eruptions until Tambora exploded in 1815.[[9fk7xHvsAZ]] [[gf4bryK5tC]] \n</p>\n','QJJYQZ5sUr','2020-05-22 16:47:14','2020-05-22 16:47:14',1,-8.250000,118.000000),(292,'Tambora, Indonesia VEI 7 ',1815,NULL,NULL,NULL,NULL,NULL,16,'https://en.wikipedia.org/wiki/Mount_Tambora','\n<p>Confirmed Eruption |\nHistorical Observations\n[[CQ3jaLkpPn]] \n</p>\n<p>This was the first eruption within \'written\' history that had the benefit of an extensive amount of information gathered by a wide range of individuals.  The Stommel\'s in their book[[0Zduuy6mst]]  provide a very detailed account of the sequence of events in North America in 1816.  \n</p><p>\nOne of the interesting things about the Stommel\'s research is the Cholera epidemics\n of mid-19Th century Europe may have resulted due to the spread of the disease by refugees from the India famine\n of 1816.</p>\n','vqqvZYr5Nj','2020-05-22 16:47:14','2020-05-22 16:47:14',1,-8.250000,118.000000),(293,'Unknown Source VEI 6 ',1808,NULL,NULL,NULL,NULL,NULL,17,'','\n<p>Confirmed Eruption |\nHistorical Observations\nTropical latitude (SP, 365 ppb sulfate)</p>\n','2jxzxS2dV8','2020-05-22 16:47:15','2020-05-22 16:47:15',1,NULL,NULL),(294,'Long Island, Northeast of New Guinea VEI 6 ',1660,NULL,20,NULL,NULL,NULL,2,'https://en.wikipedia.org/wiki/Long_Island_(Papua_New_Guinea)','\n<p>Confirmed Eruption |\nRadiocarbon (uncorrected)[[9KDLD5RYLB]] \n</p>\n','N317BFWmmR','2020-05-22 16:47:15','2020-05-22 16:47:15',1,-5.358000,147.120000),(295,'Huaynaputina, Peru VEI 6 ',1601,1603,NULL,NULL,NULL,NULL,15,'https://en.wikipedia.org/wiki/Huaynaputina','\n<p>Confirmed Eruption |\nHistorical Observations\nSummit and south flank</p>[[r5TmcauKt4]] \n','aUe4ph8ThN','2020-05-22 16:47:15','2020-05-22 16:47:15',1,-16.608000,-70.850000),(296,'Billy Mitchell, Bougainville Island VEI 6 ',1580,NULL,20,NULL,NULL,NULL,2,'https://en.wikipedia.org/wiki/Billy_Mitchell_(volcano)','\n<p>Confirmed Eruption |\nRadiocarbon (uncorrected)[[mGH7r6JEFj]] \n</p>\n','NADkvAjvPQ','2020-05-22 16:47:15','2020-05-22 16:47:15',1,-6.092000,155.225000),(297,'Bardarbunga, Northeastern Iceland VEI 6 ',1477,NULL,NULL,NULL,NULL,NULL,10,'','\n<p>Confirmed Eruption |\nHistorical Observations[[NwhvS5zKPR]] \nVeidivötn (Veidivatnahraun)\n</p>\n','zcD9Pc4c6Y','2020-05-22 16:47:16','2020-05-22 16:47:16',1,64.633000,-17.516000),(298,'Quilotoa, Ecuador VEI 6 ',1280,NULL,NULL,NULL,NULL,NULL,15,'','\n<p>Confirmed Eruption |\nRadiocarbon (corrected)\n</p>\n','7HLtmMpSr6','2020-05-22 16:47:16','2020-05-22 16:47:16',1,-0.850000,-78.900000),(299,'Rinjani VEI 7 ',1257,NULL,NULL,NULL,NULL,NULL,16,'','\n<p>Confirmed Eruption |\nIce Core\nSamalas Eruption</p>\n','eyJVENHQL0','2020-05-22 16:47:16','2020-05-22 16:47:16',1,-8.420000,116.470000),(300,'Changbaishan VEI 7 ',942,NULL,4,NULL,NULL,NULL,5,'','\n<p>Confirmed Eruption |\nRadiocarbon (corrected)\n</p>\n','SgEXMHFYh0','2020-05-22 16:47:16','2020-05-22 16:47:16',1,41.980000,128.080000),(301,'Ceboruco, Mexico VEI 6 ',930,NULL,200,NULL,NULL,NULL,3,'','\n<p>Confirmed Eruption |\nRadiocarbon (uncorrected)[[q4zVBxsZ1s]] \n</p>\n','gwtL8h9HLQ','2020-05-22 16:47:17','2020-05-22 16:47:17',1,21.125000,-104.508000),(302,'Churchill VEI 6 ',847,NULL,1,NULL,NULL,NULL,14,'https://en.wikipedia.org/wiki/Mount_Churchill','\n<p>Confirmed Eruption |\nTephrochronology\n</p>\n','PWaVm1exaK','2020-05-22 16:47:17','2020-05-22 16:47:17',1,61.380000,-141.750000),(303,'Witori VEI 6 ',710,NULL,75,NULL,NULL,NULL,2,'','\n<p>Confirmed Eruption |\nRadiocarbon (uncorrected)\n</p>\n','tkB1EfH2Tg','2020-05-22 16:47:17','2020-05-22 16:47:17',1,-5.576000,150.516000),(304,'Rabaul, New Britain VEI 6 ',683,NULL,2,NULL,NULL,NULL,2,'https://en.wikipedia.org/wiki/Rabaul_caldera','\n<p>Confirmed Eruption |\nRadiocarbon (corrected)\n</p>\n','yYUZZYT2Mn','2020-05-22 16:47:18','2020-05-22 16:47:18',1,-4.271000,152.203000),(305,'Dakataua VEI 6 ',653,NULL,18,NULL,NULL,NULL,2,'https://en.wikipedia.org/wiki/Dakataua','\n<p>Confirmed Eruption |\nRadiocarbon (uncorrected)\n</p>\n','WAmj3UTFs9','2020-05-22 16:47:18','2020-05-22 16:47:18',1,-5.094000,150.094000),(306,'Ilopango, El Salvador VEI 7 ',535,NULL,NULL,NULL,NULL,NULL,3,'https://en.wikipedia.org/wiki/Lake_Ilopango','\n<p>Confirmed Eruption |\nRadiocarbon (corrected)\n[[MS8Rnf7f1d]] \nIlopango</p>\n','yQvsqJRbUE','2020-05-22 16:47:18','2020-05-22 16:47:18',1,13.672000,-89.053000),(307,'Ksudach VEI 6 ',240,NULL,100,NULL,NULL,NULL,5,'','\n<p>Confirmed Eruption |\nRadiocarbon (corrected) |\nKsudach V caldera</p>\n','pCt7c5ZspP','2020-05-22 16:47:19','2020-05-22 16:47:19',1,51.844000,157.572000),(308,'Taupo VEI 6 ',233,NULL,13,NULL,NULL,NULL,2,'https://en.wikipedia.org/wiki/Taupo_Volcano','\n<p>Confirmed Eruption |\nRadiocarbon (corrected) |\nHoromatangi Reefs area</p>\n','cecAFSm64N','2020-05-22 16:47:19','2020-05-22 16:47:19',1,-38.820000,176.000000),(309,'Churchill VEI 6 ',60,NULL,200,NULL,NULL,NULL,14,'https://en.wikipedia.org/wiki/Mount_Churchill','\n<p>Confirmed Eruption |\nRadiocarbon (uncorrected)\n</p>\n','CWfjr3S8jx','2020-05-22 16:47:19','2020-05-22 16:47:19',1,61.380000,-141.750000),(310,'Ambrym, Vanuatu VEI 6+ ',50,NULL,100,NULL,NULL,NULL,2,'','\n<p>Confirmed Eruption |\nRadiocarbon (uncorrected)[[SDXC7JBHX4]] \n</p>\n','ybFMFjrsDL','2020-05-22 16:47:19','2020-05-22 16:47:19',1,-16.250000,168.120000),(311,'Apoyeque, Nicaragua VEI 6 ',-50,NULL,100,NULL,NULL,NULL,3,'','\n<p>Confirmed Eruption[[vZkcNDhsWk]]  |\nTephrochronology\nApoyeque</p>\n','3wcnw9aEv5','2020-05-22 16:47:20','2020-05-22 16:47:20',1,12.242000,-86.342000),(312,'Okmok, Aleutian Islands VEI 6 ',-100,NULL,50,NULL,NULL,NULL,14,'','\n<p>Confirmed Eruption |\nRadiocarbon (uncorrected)[[9fx8mttdzU]]  |\nOkmok II caldera</p>\n','CEH7m4vECY','2020-05-22 16:47:20','2020-05-22 16:47:20',1,53.430000,-168.130000),(313,'Pinatubo, Philippines VEI 6 ',-1050,NULL,500,NULL,NULL,NULL,16,'https://en.wikipedia.org/wiki/Mount_Pinatubo','\n<p>Confirmed Eruption |\nRadiocarbon (corrected)[[6WZ9Md0RU1]] \n</p>\n','keu4tZq2VR','2020-05-22 16:47:20','2020-05-22 16:47:20',1,15.130000,120.350000),(314,'Witori VEI 6 ',-1370,NULL,160,NULL,NULL,NULL,2,'','\n<p>Confirmed Eruption |\nRadiocarbon (corrected)\n</p>\n','egGD3UH17R','2020-05-22 16:47:21','2020-05-22 16:47:21',1,-5.576000,150.516000),(315,'Aniakchak VEI 6 ',-1645,NULL,10,NULL,NULL,NULL,14,'https://en.wikipedia.org/wiki/Mount_Aniakchak','\n<p>Confirmed Eruption |\nIce Core\n</p>\n','gK6eNhJPFB','2020-05-22 16:47:21','2020-05-22 16:47:21',1,56.880000,-158.170000),(316,'Veniaminof, Alaska Peninsula VEI 6 ',-1750,NULL,NULL,NULL,NULL,NULL,14,'https://en.wikipedia.org/wiki/Mount_Veniaminof','\n<p>Confirmed Eruption |\nRadiocarbon (uncorrected)[[RjDbYVx8Hm]] \n</p>\n','u6SgxGXmwx','2020-05-22 16:47:21','2020-05-22 16:47:21',1,56.170000,-159.380000),(317,'St. Helens, Washington, USA VEI 6 ',-1860,NULL,NULL,NULL,NULL,NULL,14,'https://en.wikipedia.org/wiki/Mount_St._Helens','\n<p>Confirmed Eruption |\nRadiocarbon (corrected)[[QexeTm5wZG]] \n</p>\n','yVr8WTxRJa','2020-05-22 16:47:22','2020-05-22 16:47:22',1,46.200000,-122.180000),(318,'Hudson, Cerro Southern Chile VEI 6 ',-1890,NULL,NULL,NULL,NULL,NULL,15,'https://en.wikipedia.org/wiki/Mount_Hudson','\n<p>Confirmed Eruption |\nRadiocarbon (corrected)[[zhfRxc2Yet]] \n</p>\n','eZpk98RhyV','2020-05-22 16:47:22','2020-05-22 16:47:22',1,-45.900000,-72.970000),(319,'Black Peak, Alaska VEI 6 ',-1900,NULL,150,NULL,NULL,NULL,14,'https://en.wikipedia.org/wiki/Black_Peak_(Alaska)','\n<p>Confirmed Eruption[[tL7yL7ugNq]]  |\nTephrochronology\n</p>\n','NpmSk54ypM','2020-05-22 16:47:22','2020-05-22 16:47:23',1,56.552000,-158.785000),(320,'Long Island, Northeast of New Guinea VEI 6 ',-2040,NULL,100,NULL,NULL,NULL,2,'https://en.wikipedia.org/wiki/Long_Island_(Papua_New_Guinea)','\n<p>Confirmed Eruption |\nRadiocarbon (uncorrected)[[2Ata0A7NyR]] \n</p>\n','wMC9EpMJ4Z','2020-05-22 16:47:23','2020-05-22 16:47:23',1,-5.358000,147.120000),(321,'Blanco, Cerro VEI 7 ',-2300,NULL,160,NULL,NULL,NULL,15,'https://en.wikipedia.org/wiki/Cerro_Blanco_(volcano)','\n<p>Confirmed Eruption |\nRadiocarbon (corrected)\n</p>\n','3gTU7xZu0X','2020-05-22 16:47:23','2020-05-22 16:47:24',1,-26.789000,-67.765000),(322,'Pinatubo, Philippines VEI 6 ',-3550,NULL,NULL,NULL,NULL,NULL,16,'https://en.wikipedia.org/wiki/Mount_Pinatubo','\n<p>Confirmed Eruption |\nRadiocarbon (corrected)[[NXYmfYXjZa]] \n</p>\n','Mbr9P4tQpt','2020-05-22 16:47:24','2020-05-22 16:47:24',1,15.130000,120.350000),(323,'Taal, Philippines VEI 6 ',-3580,NULL,200,NULL,NULL,NULL,16,'https://en.wikipedia.org/wiki/Taal_Volcano','\n<p>Confirmed Eruption |\nRadiocarbon (uncorrected)[[08Ff2g7bGZ]] \n</p>\n','UTn3Yuvw01','2020-05-22 16:47:24','2020-05-22 16:47:24',1,14.002000,120.993000),(324,'Witori Caldera VEI 6 ',-4000,NULL,210,NULL,NULL,NULL,2,'https://en.wikipedia.org/wiki/Pago_(volcano)','\n<p>Confirmed Eruption |\nRadiocarbon (corrected)\n</p>\n','vM4yKpEfJh','2020-05-22 16:47:25','2020-05-22 16:47:25',1,-5.576000,150.516000),(325,'Masaya, Nicaragua VEI 6 ',-4050,NULL,NULL,NULL,NULL,NULL,3,'https://en.wikipedia.org/wiki/Masaya_Volcano','\n<p>Confirmed Eruption |\nTephrochronology\nNW of caldera</p>\n','eud8ady7Ue','2020-05-22 16:47:25','2020-05-22 16:47:25',1,11.984000,-86.161000),(326,'Kikai Caldera, Ryukyu Islands (Japan) VEI 7 ',-4350,NULL,NULL,NULL,NULL,NULL,5,'https://en.wikipedia.org/wiki/Kikai_Caldera','\n<p>Confirmed Eruption |\nRadiocarbon (uncorrected)\n[[cMszZDhtu3]] \nKikai caldera</p>\n','qAHRTu5QGe','2020-05-22 16:47:25','2020-05-22 16:47:25',1,30.789000,130.308000),(327,'Macauley Island, Kermadec Islands VEI 6 ',-4360,NULL,200,NULL,NULL,NULL,2,'https://en.wikipedia.org/wiki/Macauley_Island','\n<p>Confirmed Eruption |\nRadiocarbon (uncorrected)[[quKqabJ8Sv]] \n</p>\n','a9rG4aA3q4','2020-05-22 16:47:26','2020-05-22 16:47:26',1,-30.210000,-178.475000),(328,'Hudson, Cerro Southern Chile VEI 6 ',-4750,NULL,NULL,NULL,NULL,NULL,15,'https://en.wikipedia.org/wiki/Mount_Hudson','\n<p>Confirmed Eruption |\nRadiocarbon (uncorrected)[[0UCY4kLB4E]] \n</p>\n','GGWzQFzv9T','2020-05-22 16:47:26','2020-05-22 16:47:26',1,-45.900000,-72.970000),(329,'Aniakchak, Alaska Peninsula VEI 6 ',-5250,NULL,1000,NULL,NULL,NULL,14,'https://en.wikipedia.org/wiki/Mount_Aniakchak','\n<p>Confirmed Eruption[[Cm7P0zCfy5]]  |\nTephrochronology\n</p>\n','WUtWKDffLx','2020-05-22 16:47:27','2020-05-22 16:47:27',1,56.880000,-158.170000),(330,'Tao-Rusyr Caldera, Kuril Islands VEI 6 ',-5550,NULL,75,NULL,NULL,NULL,5,'https://en.wikipedia.org/wiki/Tao-Rusyr_Caldera','\n<p>Confirmed Eruption |\nRadiocarbon (uncorrected)[[d23mswm7Gt]]  |\nTao-Rusyr</p>\n','hqeCyVFUhz','2020-05-22 16:47:27','2020-05-22 16:47:27',1,49.350000,154.700000),(331,'Mashu, Hokkaido (Japan) VEI 6 ',-5550,NULL,100,NULL,NULL,NULL,5,'https://en.wikipedia.org/wiki/Lake_Mash%C5%AB','\n<p>Confirmed Eruption |\nRadiocarbon (corrected)[[RBM9FWNjbU]] \n</p>\n','UNCzyR0Wcb','2020-05-22 16:47:27','2020-05-22 16:47:28',1,43.572000,144.561000),(332,'Mt. Mizama (Crater Lake Caldera) VEI 7 ',-5677,NULL,150,NULL,NULL,NULL,14,'https://en.wikipedia.org/wiki/Crater_Lake','\n<p>Confirmed Eruption\n[[fdjyKEZWDc]] \nIce Core\nMt. Mazama summit and flank vents |\nNorth flank (Llao Rock) |\nThis event is noted in native American legions about a battle of the Gods where one threw down the other.</p>\n','EFuuaaR90r','2020-05-22 16:47:28','2020-05-22 16:47:28',1,42.930000,-122.120000),(333,'Khangar VEI 6 ',-5700,NULL,16,NULL,NULL,NULL,5,'https://en.wikipedia.org/wiki/Khangar','\n<p>\nConfirmed Eruption |\nRadiocarbon (corrected)\n</p>\n','U2b9hGKuvj','2020-05-22 16:47:28','2020-05-22 16:47:28',1,54.761000,157.407000),(334,'Menenga, Eastern Africa VEI 6+ ',-6050,NULL,NULL,NULL,NULL,NULL,1,'https://en.wikipedia.org/wiki/Menengai','\n<p>Confirmed Eruption |\nRadiocarbon (uncorrected)[[VeatL22JUz]] \n</p>\n','3UdbtQrSpd','2020-05-22 16:47:29','2020-05-22 16:47:29',1,-0.200000,36.070000),(335,'Kurile Lake Caldera VEI 7 ',-6442,NULL,28,NULL,NULL,NULL,5,'https://en.wikipedia.org/wiki/Tao-Rusyr_Caldera','\n<p>\nConfirmed Eruption |\nRadiocarbon (corrected)\n[[Y23kpkhRbP]] \n</p>\n','Q08pcqgXf1','2020-05-22 16:47:29','2020-05-22 16:47:29',1,51.450000,157.120000),(336,'Karymsky VEI 6 ',-6600,NULL,NULL,NULL,NULL,NULL,5,'https://en.wikipedia.org/wiki/Karymsky_(volcano)','\n<p>Confirmed Eruption |\nRadiocarbon (corrected) |\nKarymsky caldera</p>\n','kw631ekhgp','2020-05-22 16:47:30','2020-05-22 16:47:30',1,54.049000,159.443000),(337,'Aira Caldera VEI 6 ',-8050,NULL,1000,NULL,NULL,NULL,5,'https://en.wikipedia.org/wiki/Aira_Caldera','\n<p>Confirmed Eruption |\nRadiocarbon (uncorrected) |\nWakamiko Caldera</p>\n','PTZfdVk1Jn','2020-05-22 16:47:31','2020-05-22 16:47:31',1,31.593000,130.657000),(338,'Grimsvotn, Iceland VEI 6 ',-8230,NULL,50,NULL,NULL,NULL,10,'https://en.wikipedia.org/wiki/Gr%C3%ADmsv%C3%B6tn','\n<p>Confirmed Eruption |\nRadiocarbon (corrected)[[ngbtgAQM4r]] \n</p>\n','Qtwv9AYYn6','2020-05-22 16:47:31','2020-05-22 16:47:31',1,64.417000,17.206000),(339,'Minchinmavida VEI 6 ',-8400,NULL,150,NULL,NULL,NULL,15,'https://en.wikipedia.org/wiki/Michinmahuida','\n<p>Confirmed Eruption |\nRadiocarbon (corrected)\n</p>\n','d0SMTNg0F5','2020-05-22 16:47:33','2020-05-22 16:47:33',1,-42.793000,-72.439000),(340,'Ulleung, Korea VEI 6 ',-8750,NULL,NULL,NULL,NULL,NULL,5,'https://en.wikipedia.org/wiki/Ulleungdo','\n<p>Confirmed Eruption |\nRadiocarbon (corrected)[[R8J65kGddW]] \n</p>\n','18LeAEHhY1','2020-05-22 16:47:33','2020-05-22 16:47:33',1,37.500000,130.870000),(341,'English Channel formed ',-8500,NULL,NULL,NULL,NULL,NULL,7,'','','WPr4KSGUKB','2020-05-22 16:47:34','2020-05-22 16:47:34',1,NULL,NULL),(342,'Climate or Thermal Maximum ',-8000,NULL,NULL,NULL,NULL,NULL,9,'','','jD9MSH9yBU','2020-05-22 16:47:34','2020-05-22 16:47:34',1,NULL,NULL),(343,'Flooding of the Black Sea ',-5600,NULL,NULL,NULL,NULL,NULL,12,'https://en.wikipedia.org/wiki/Black_Sea_deluge_hypothesis','','sjA7zhZeBK','2020-05-22 16:47:34','2020-05-22 16:47:34',1,44.000000,35.000000),(344,'Low growth Irish Oak - Tree Ring Event ',-5060,NULL,NULL,NULL,NULL,NULL,7,'','\n<p>\n[[1RFFDjWrJp]] \n</p>\n','yjxpZP57xc','2020-05-22 16:47:34','2020-05-22 16:47:34',1,NULL,NULL),(345,'Low growth Irish Oak - Tree Ring Event ',-4375,NULL,NULL,NULL,NULL,NULL,7,'','\n<p>\n[[8d5UPbeLng]] \n</p>\n','TWjR6RqC33','2020-05-22 16:47:35','2020-05-22 16:47:35',1,NULL,NULL),(346,'Pago, New Britain VEI 6 ',-4000,NULL,200,NULL,NULL,NULL,2,'https://en.wikipedia.org/wiki/Pago_(volcano)','\n<p>[[vnVMLnyyZW]] \n</p>\n','AWbEhUJN23','2020-05-22 16:47:35','2020-05-22 16:47:35',1,-5.576000,150.516000),(347,'Low growth Irish Oak - Tree Ring Event ',-3195,NULL,NULL,NULL,NULL,NULL,7,'','\n<p>\nThis tree ring event seems to have captured Noah\'s Flood[[rFbHQ83a2j]] .\n</p>\n','CBpSVPfMMD','2020-05-22 16:47:36','2020-05-22 16:47:36',1,NULL,NULL),(348,'Tree Ring Event(9 years) ',-2354,-2345,NULL,NULL,NULL,NULL,9,'','\n<p>Lasted 9 years.\n[[ArPwjP1FY3]] \n</p>\n','JezauBFh30','2020-05-22 16:47:36','2020-05-22 16:47:36',1,NULL,NULL),(349,'Macha Crater ',-5300,NULL,NULL,NULL,NULL,NULL,6,'https://en.wikipedia.org/wiki/Macha_crater','','b2M12mNJ4w','2020-05-22 16:47:37','2020-05-22 16:47:37',1,60.085833,117.651944),(350,'Pago, New Britain VEI 6 ',-1370,NULL,100,NULL,NULL,NULL,2,'https://en.wikipedia.org/wiki/Pago_(volcano)','\n<p>[[uLFk9KmM2L]] \n</p>\n','C8eD03caGT','2020-05-22 16:47:38','2020-05-22 16:47:38',1,-5.576000,150.516000),(351,'Mycenea - Earthquake ',-1240,NULL,NULL,NULL,NULL,NULL,7,'','','WegeqpZxAS','2020-05-22 16:47:38','2020-05-22 16:47:38',1,37.730792,22.756382),(352,'Iron Age Climate Pessimism ',-900,-300,NULL,NULL,NULL,NULL,9,'','','5DVxbnnd5a','2020-05-22 16:47:39','2020-05-22 16:47:39',1,NULL,NULL),(353,'Iron Age Climate Pessimism - Coldest Point ',-450,NULL,NULL,NULL,NULL,NULL,9,'','','pKXEJ3FUjF','2020-05-22 16:47:39','2020-05-22 16:47:39',1,NULL,NULL),(354,'Bond 2 ',-800,NULL,NULL,NULL,NULL,NULL,9,'','','NM7gdGTNxh','2020-05-22 16:47:40','2020-05-22 16:47:40',1,NULL,NULL),(355,'Storegga Slide ',-8100,NULL,NULL,NULL,NULL,NULL,7,'https://en.wikipedia.org/wiki/Storegga_Slide','\n<p>A megatsunami Norwegian Sea caused by the collapse of a Fiord face.\n</p>\n','DL6qDYhTUW','2020-05-22 16:47:40','2020-05-22 16:47:40',1,64.866667,1.300000),(356,'Coldest point of Iron Age  Pessimism ',-450,NULL,NULL,NULL,NULL,NULL,9,'','','u31eWS0W7L','2020-05-22 16:47:40','2020-05-22 16:47:40',1,NULL,NULL),(357,'Destruction of Tartessos ',-440,NULL,NULL,NULL,NULL,NULL,7,'https://en.wikipedia.org/wiki/Tartessos','\n<p>Located on south-western coast of Spain, just outside of the gates of Gibraltar.</p>\n','5aYRL4kf8v','2020-05-22 16:47:41','2020-05-22 16:47:41',1,37.210000,-6.938000),(358,'Helike, Greece disappears into the sea ',-373,NULL,NULL,NULL,NULL,NULL,7,'https://en.wikipedia.org/wiki/Helike','\n<p>The city was submerged by a tsunami in the winter of 373 BC.\n</p>\n','JpTcPeYdjU','2020-05-22 16:47:41','2020-05-22 16:47:41',1,38.219167,22.132778),(359,'Raoul Island, Kermadec Islands VEI 6 ',-208,NULL,75,NULL,NULL,NULL,2,'https://en.wikipedia.org/wiki/Raoul_Island','\n<p>Confirmed Eruption |\nRadiocarbon (uncorrected)[[0J4sMf379g]]  |\nDenham caldera</p>\n<p>LHE lists the date as 250 BC.</p>\n','9CS9g2C1sE','2020-05-22 16:47:41','2020-05-22 16:47:41',1,-29.266667,-177.916667),(360,'Tree Ring Event(4 years) ',-208,-204,NULL,NULL,NULL,NULL,9,'','\n<p>Winter which lasted 4 years,[[ZDzuwpnjuz]] .</p>\n','1yFVuCSBPL','2020-05-22 16:47:41','2020-05-22 16:47:41',1,NULL,NULL),(361,'Roman Age Optimum ',-200,300,NULL,NULL,NULL,NULL,9,'','','X5upQxRusZ','2020-05-22 16:47:42','2020-05-22 16:47:42',1,NULL,NULL),(362,'Taupo, New Zealand VEI 7 ',180,NULL,NULL,NULL,NULL,NULL,2,'https://en.wikipedia.org/wiki/Taupo_Volcano','\n<p>\nThis is called the Hatepe eruption.  \nWhile this volcano is in the southern hemisphere, it was noted in both China and Rome as ash and red skis. \n</p>\n<p>\nIt was a VEI-7 event.\n</p>\n<p>\nThis volcano is outside the normal range of Global Winter events being south of the 30Th parallel.  \nThe fact that there were red skis recorded in Rome and China signifies that the sulfur dioxide crossed the equator.  \nThe magnitude of the explosion was the determining factor for its effect on the globe.\n</p>\n','rtxaN1NAUh','2020-05-22 16:47:42','2020-05-22 16:47:42',1,-38.820000,176.000000),(363,'Rabaul, New Britain VEI 6 ',512,NULL,4,NULL,NULL,NULL,9,'https://en.wikipedia.org/wiki/Rabaul','<p>This event is noted in the ice cores as a sulfur event at 516 AD ± 4 years.  \r\nPerhaps this is the explanation for the Saxon invasion of the Celtic side of Britain resulting the Braton Hill battle.  \r\nThe LHE list says 540 AD ±100 years.\r\n[[TNx7t2rPn4]] \r\n</p>','ucSznNw9Qw','2020-05-22 16:47:42','2020-07-07 17:15:10',1,-4.200000,152.183333),(364,'Bond 1 Tree Ring Event(9 years) ',536,545,NULL,NULL,NULL,NULL,9,'','\n<p>\nThe cold period lasted 9 years in the tree ring records[[QhneQkKMpT]] .   This impact left an impact in both the recorded history around the world and the climate proxies allowing for a reconstruction of what a global winter is like.\n</p><p>\nThe cloud cover started on March 24, 535 and ended on June 24, 536.   It\'s ocular density was 2 and a half times the explosion of Tambora (1815).  \n</p><p>\n\'There was a sign from the sun, the like of which had not been reported before. The sun became dark and its darkness lasted for 18 months.  Each day, it shone for about four hours, and still this light was only a feeble shadow.  Everyone declared that sun would never recover its full light again.\'</p>\n','Xpv7w1rvu3','2020-05-22 16:47:43','2020-05-22 16:47:43',1,NULL,NULL),(365,'Tree Ring Event ',540,NULL,NULL,NULL,NULL,NULL,9,'','\n<p>\nThis tree ring event seems to be part of the global winter starting in 535/536 AD[[5qFBk81dCt]] .\n</p>\n','0KySGgnJSU','2020-05-22 16:47:43','2020-05-22 16:47:43',1,NULL,NULL),(366,'Olympia destroyed by tsunami ',551,NULL,NULL,NULL,NULL,NULL,7,'','\n<p>Earthquake at Olympia destroys the site at Peloponnese.[[33QwY461G6]] \n</p>\n','FpsYNYpqkT','2020-05-22 16:47:43','2020-05-22 16:47:43',1,37.636164,21.624998),(367,'Pago, New Britain VEI 6 ',710,NULL,75,NULL,NULL,NULL,2,'https://en.wikipedia.org/wiki/Pago_(volcano)','\n<p>\n[[Uv1aPN0Z4x]] \n</p>\n','L750acU46U','2020-05-22 16:47:43','2020-05-22 16:47:43',1,-5.576000,150.516000),(368,'Churchill, Eastern Alaska VEI 6 ',800,NULL,100,NULL,NULL,NULL,14,'https://en.wikipedia.org/wiki/Mount_Churchill','\n<p>[[kmGBj9pPtf]] \n</p>\n','eHD64m82eb','2020-05-22 16:47:44','2020-05-22 16:47:44',1,61.380000,-141.750000),(369,'Dakataua, New Britain VEI 6 ',800,NULL,50,NULL,NULL,NULL,2,'https://en.wikipedia.org/wiki/Dakataua','\n<p>[[EHdrxf7KbJ]] \n</p>\n','dDmEMpPTMZ','2020-05-22 16:47:44','2020-05-22 16:47:44',1,-5.094000,150.094000),(370,'\'Lighting and Meteors destroyed the corn\' in Ireland ',1294,1297,4,NULL,NULL,NULL,7,'','\n<p>\n\'Lighting and Meteors destroyed the corn\' in Ireland 1294, \'ten fireballs the size of houses\' fell in China 1295, extraterrestrial inpact in Russia 1296 and fire-induced growth in giant sequoia dendrochronology, 1297.[[E0st9RDzpS]] \n</p>\n','TbQrbTHveb','2020-05-22 16:47:44','2020-05-22 16:47:44',1,NULL,NULL),(371,'Mahuika Crater ',1440,NULL,15,NULL,NULL,NULL,2,'','\n<p>The dating of this 1440 AD impact is in dispute due to several factors.</p>\n<p>Unconfirmed</p>\n','V8Eaz5J1wZ','2020-05-22 16:47:45','2020-05-22 16:47:45',1,-48.300000,166.400000),(372,'Kuwae, Vanuatu VEI 7 ',1453,NULL,NULL,NULL,NULL,NULL,9,'https://en.wikipedia.org/wiki/Kuwae','\n<p>\nThree year cooling event.\n</p>\n','UshCRjh9Q5','2020-05-22 16:47:45','2020-05-22 16:47:45',1,-16.829000,168.536000),(373,'Three year cold event ',1453,1456,NULL,NULL,NULL,NULL,9,'','','jPhgBJBL9A','2020-05-22 16:47:45','2020-05-22 16:47:45',1,NULL,NULL),(374,'Little Ice Age ',1300,1850,NULL,NULL,NULL,NULL,9,'','','zH3UBR82t4','2020-05-22 16:47:45','2020-05-22 16:47:45',1,NULL,NULL),(375,'First Cold Point of Little Ice Age ',1650,NULL,NULL,NULL,NULL,NULL,9,'','','6LxTt8Xp2t','2020-05-22 16:47:45','2020-05-22 16:47:45',1,NULL,NULL),(376,'Second Cold Point of Little Ice Age ',1770,NULL,NULL,NULL,NULL,NULL,9,'','','qe9fNQCpZ1','2020-05-22 16:47:46','2020-05-22 16:47:46',1,NULL,NULL),(377,'Laki Eruption, Grimsvotn Volcano, Iceland VEI 4+ ',1783,NULL,NULL,NULL,NULL,NULL,7,'https://en.wikipedia.org/wiki/Gr%C3%ADmsv%C3%B6tn','\n<p>The famous volcanic event which started the great Benjamin Franklin asking the question of whether the Liki eruption had an effect on the weather in Europe and North America in the years following the eruption.</p>\n','vkBzWQzXVT','2020-05-22 16:47:46','2020-05-22 16:47:46',1,64.420000,-17.330000),(378,'Third Cold Point of the Little Ice Age ',1850,NULL,NULL,NULL,NULL,NULL,9,'','','vex6N3pExB','2020-05-22 16:47:46','2020-05-22 16:47:46',1,NULL,NULL),(379,'The Carrington Event: Solar Storm of 1859 ',1859,NULL,NULL,NULL,NULL,NULL,9,'','\n<p>This was the largest Geomagnetic storm on the sun.  It took 17 hours to travel to earth on a journey which normally take 3 days.\nThere were fires along the telegraph lines and station due to the storm generating power in the wires.\n</p>\n','8Ys66FGUXr','2020-05-22 16:47:46','2020-05-22 16:47:46',1,NULL,NULL),(380,'Tunguska Event ',1908,NULL,NULL,NULL,NULL,NULL,8,'','\n<p>The first major Impact Event in recorded history.  It took almost 15 years to find the explosion point due to its remoteness in Siberia.  Recent models show an explosion of an asteroid above the earth with a small Impact Event.  The wide spread destruction was due to the mid-air explosion. \n</p><p>\nPeople in London were able to read the new paper at night for 8 days after the event.  It was heard around the world.</p>\n','Hj6w3dKpLr','2020-05-22 16:47:47','2020-05-22 16:47:47',1,60.916667,101.950000),(381,'Grimsvotn Volcano, Iceland VEI 4 ',2010,NULL,NULL,NULL,NULL,NULL,9,'https://en.wikipedia.org/wiki/Gr%C3%ADmsv%C3%B6tn','\n<p>This eruption caused disruptions to air travel in Europe.  President Obama had to cut short his visit to Ireland due to worries about the ash cloud.\n</p>\n','QrRuj0FYP6','2020-05-22 16:47:47','2020-05-22 16:47:47',1,64.417000,17.206000),(382,'Grand Solar Minimum ',690,NULL,NULL,NULL,NULL,NULL,9,'','','j2JjbhJEk7','2020-05-22 16:47:47','2020-05-22 16:47:47',1,NULL,NULL),(383,'Grand Solar Minimum ',-360,NULL,NULL,NULL,NULL,NULL,9,'','','sJ1Q6ZEyc2','2020-05-22 16:47:47','2020-05-22 16:47:47',1,NULL,NULL),(384,'Grand Solar Minimum ',-770,NULL,NULL,NULL,NULL,NULL,9,'','','mUa5W5ksha','2020-05-22 16:47:47','2020-05-22 16:47:47',1,NULL,NULL),(385,'Grand Solar Minimum ',-1390,NULL,NULL,NULL,NULL,NULL,9,'','','2sabrXMZRx','2020-05-22 16:47:48','2020-05-22 16:47:48',1,NULL,NULL),(386,'Grand Solar Minimum ',-2860,NULL,NULL,NULL,NULL,NULL,9,'','','ssBr3V3yG2','2020-05-22 16:47:48','2020-05-22 16:47:48',1,NULL,NULL),(387,'Grand Solar Minimum ',-3340,NULL,NULL,NULL,NULL,NULL,9,'','','xfxcYnNSfK','2020-05-22 16:47:48','2020-05-22 16:47:48',1,NULL,NULL),(388,'Grand Solar Minimum ',-3500,NULL,NULL,NULL,NULL,NULL,9,'','','eSFRBUTz8N','2020-05-22 16:47:48','2020-05-22 16:47:48',1,NULL,NULL),(389,'Grand Solar Minimum ',-3630,NULL,NULL,NULL,NULL,NULL,9,'','','kua1y41w9d','2020-05-22 16:47:48','2020-05-22 16:47:48',1,NULL,NULL),(390,'Grand Solar Minimum ',-3940,NULL,NULL,NULL,NULL,NULL,9,'','','KUcPe9Q9a9','2020-05-22 16:47:49','2020-05-22 16:47:49',1,NULL,NULL),(391,'Grand Solar Minimum ',-4230,NULL,NULL,NULL,NULL,NULL,9,'','','sSDjf3FApj','2020-05-22 16:47:49','2020-05-22 16:47:49',1,NULL,NULL),(392,'Grand Solar Minimum ',-4330,NULL,NULL,NULL,NULL,NULL,9,'','','TqxM7bqyGE','2020-05-22 16:47:49','2020-05-22 16:47:49',1,NULL,NULL),(393,'Grand Solar Minimum ',-5260,NULL,NULL,NULL,NULL,NULL,9,'','','BHM80S2P5F','2020-05-22 16:47:49','2020-05-22 16:47:49',1,NULL,NULL),(394,'Grand Solar Minimum ',-5460,NULL,NULL,NULL,NULL,NULL,9,'','','nRVzq2fb5P','2020-05-22 16:47:49','2020-05-22 16:47:49',1,NULL,NULL),(395,'Grand Solar Minimum ',-5620,NULL,NULL,NULL,NULL,NULL,9,'','','E7Wqvv1fHa','2020-05-22 16:47:50','2020-05-22 16:47:50',1,NULL,NULL),(396,'Grand Solar Minimum ',-5710,NULL,NULL,NULL,NULL,NULL,9,'','','c5GxDtVEwa','2020-05-22 16:47:50','2020-05-22 16:47:50',1,NULL,NULL),(397,'Grand Solar Minimum ',-5990,NULL,NULL,NULL,NULL,NULL,9,'','','096vaB1Hp2','2020-05-22 16:47:50','2020-05-22 16:47:50',1,NULL,NULL),(398,'Grand Solar Minimum ',-6220,NULL,NULL,NULL,NULL,NULL,9,'','','mZfALeG0jC','2020-05-22 16:47:50','2020-05-22 16:47:50',1,NULL,NULL),(399,'Grand Solar Minimum ',-6400,NULL,NULL,NULL,NULL,NULL,9,'','','Hyt94CxQD4','2020-05-22 16:47:50','2020-05-22 16:47:50',1,NULL,NULL),(400,'Grand Solar Minimum ',-7040,NULL,NULL,NULL,NULL,NULL,9,'','','mMYMAn28Ze','2020-05-22 16:47:50','2020-05-22 16:47:50',1,NULL,NULL),(401,'Grand Solar Minimum ',-7310,NULL,NULL,NULL,NULL,NULL,9,'','','d77nM7fSTs','2020-05-22 16:47:51','2020-05-22 16:47:51',1,NULL,NULL),(402,'Grand Solar Minimum ',-7520,NULL,NULL,NULL,NULL,NULL,9,'','','JEKL6zBJGD','2020-05-22 16:47:51','2020-05-22 16:47:51',1,NULL,NULL),(403,'Grand Solar Minimum ',-8220,NULL,NULL,NULL,NULL,NULL,9,'','','Ga6BQR0rFe','2020-05-22 16:47:51','2020-05-22 16:47:51',1,NULL,NULL),(404,'Grand Solar Minimum ',-9170,NULL,NULL,NULL,NULL,NULL,9,'','','SdJMEeLDhH','2020-05-22 16:47:51','2020-05-22 16:47:51',1,NULL,NULL),(405,'Rabaul VEI 6 ',683,NULL,NULL,NULL,NULL,NULL,9,'','','Sex1N3hAtF','2020-05-22 16:47:55','2020-05-22 16:47:55',1,NULL,NULL),(406,'Morasko Meterorite Nature Reseve ',-3000,NULL,NULL,NULL,NULL,NULL,9,'','','gcq68AHp7G','2020-05-22 16:47:58','2020-05-22 16:47:58',1,NULL,NULL),(407,'Pyramid Texts',-2400,-2300,NULL,NULL,NULL,NULL,12,NULL,'',NULL,'2020-05-24 14:44:08','2020-05-24 14:44:08',1,NULL,NULL),(408,'Building of the Great Pyramids',-2575,-2150,NULL,NULL,NULL,NULL,12,NULL,'They encode Orion\'s belt.',NULL,'2020-05-24 17:19:32','2020-05-24 17:20:13',1,NULL,NULL),(409,'Bagnold\'s Stone Circle - Libyan stone circle',NULL,NULL,NULL,NULL,NULL,NULL,1,NULL,'The circle is in the Libyan desert.&nbsp; No age estimate has been made.&nbsp; Natural damage to the stones make testing alignments difficult.<br>',NULL,'2020-05-25 23:12:10','2020-05-25 23:13:04',1,NULL,NULL),(410,'Bagnold\'s Stone Circle - Libyan desert',-12000,-3500,NULL,NULL,NULL,NULL,1,'https://thesourceinthesahara.com/bagnolds-stone-circle.php','',NULL,'2020-05-25 23:35:09','2020-05-25 23:38:55',1,NULL,NULL),(411,'Older Dryus',-11900,-11600,NULL,NULL,NULL,NULL,9,'','Short cold period. Not evident everywhere.',NULL,'2020-05-30 14:28:36','2020-05-30 16:09:43',1,NULL,NULL);
/*!40000 ALTER TABLE `holocene_events` ENABLE KEYS */;
UNLOCK TABLES;

--
-- Table structure for table `holocene_events_sections`
--

DROP TABLE IF EXISTS `holocene_events_sections`;
/*!40101 SET @saved_cs_client     = @@character_set_client */;
/*!40101 SET character_set_client = utf8 */;
CREATE TABLE `holocene_events_sections` (
  `holocene_event_id` bigint(20) NOT NULL,
  `section_id` bigint(20) NOT NULL,
  KEY `index_holocene_event_section_1` (`holocene_event_id`,`section_id`),
  KEY `index_holocene_event_section_2` (`section_id`,`holocene_event_id`)
) ENGINE=InnoDB DEFAULT CHARSET=utf8mb4 COLLATE=utf8mb4_unicode_ci;
/*!40101 SET character_set_client = @saved_cs_client */;

--
-- Dumping data for table `holocene_events_sections`
--

LOCK TABLES `holocene_events_sections` WRITE;
/*!40000 ALTER TABLE `holocene_events_sections` DISABLE KEYS */;
INSERT INTO `holocene_events_sections` VALUES (1,1),(2,1),(3,1),(4,1),(5,1),(6,1),(7,1),(8,2),(8,11),(8,54),(9,2),(10,3),(11,4),(12,4),(13,4),(14,4),(15,4),(16,5),(16,27),(17,5),(18,5),(19,5),(20,5),(21,5),(22,7),(23,7),(24,7),(25,7),(26,7),(26,15),(27,7),(28,7),(29,7),(30,7),(31,7),(32,7),(33,8),(34,8),(35,8),(36,9),(37,9),(38,9),(39,9),(40,9),(41,9),(42,9),(43,9),(44,9),(45,9),(46,9),(47,9),(48,9),(49,10),(50,10),(51,10),(52,10),(53,10),(54,11),(55,12),(56,12),(57,13),(58,13),(59,14),(60,14),(61,14),(62,14),(63,14),(63,53),(64,14),(65,15),(66,16),(67,17),(68,18),(69,18),(70,20),(71,23),(72,23),(73,23),(74,23),(75,23),(76,23),(77,23),(78,25),(79,25),(80,26),(81,28),(82,28),(82,54),(83,29),(84,29),(85,29),(86,30),(87,30),(88,30),(89,30),(90,30),(90,44),(91,32),(92,32),(93,32),(94,32),(95,32),(96,53),(97,33),(99,33),(100,34),(101,37),(102,38),(109,39),(110,39),(114,41),(115,41),(116,41),(117,42),(118,43),(119,43),(120,43),(121,43),(122,44),(123,44),(124,44),(125,44),(126,44),(127,44),(128,44),(129,44),(130,45),(131,45),(131,45),(132,45),(133,45),(134,45),(135,52),(245,53),(263,54),(264,54),(265,54),(266,54),(267,54),(268,54),(269,54),(270,54),(272,54),(273,54),(275,54),(276,54),(277,54),(278,54),(287,53),(289,53),(290,53),(291,53),(292,53),(294,53),(295,53),(296,53),(298,53),(299,53),(300,53),(301,53),(303,53),(305,53),(306,53),(310,53),(311,53),(313,53),(314,53),(320,53),(321,53),(322,53),(323,53),(324,53),(325,53),(326,53),(332,53),(334,53),(335,53),(346,53),(350,53),(362,53),(367,53),(369,53),(372,53),(405,53),(406,54),(407,56),(410,7),(411,1);
/*!40000 ALTER TABLE `holocene_events_sections` ENABLE KEYS */;
UNLOCK TABLES;

--
-- Table structure for table `holocene_events_timelines`
--

DROP TABLE IF EXISTS `holocene_events_timelines`;
/*!40101 SET @saved_cs_client     = @@character_set_client */;
/*!40101 SET character_set_client = utf8 */;
CREATE TABLE `holocene_events_timelines` (
  `holocene_event_id` bigint(20) NOT NULL,
  `timeline_id` bigint(20) NOT NULL,
  KEY `index_timeline_holocene_event_2` (`holocene_event_id`,`timeline_id`),
  KEY `index_timeline_holocene_event_1` (`timeline_id`,`holocene_event_id`)
) ENGINE=InnoDB DEFAULT CHARSET=utf8mb4 COLLATE=utf8mb4_unicode_ci;
/*!40101 SET character_set_client = @saved_cs_client */;

--
-- Dumping data for table `holocene_events_timelines`
--

LOCK TABLES `holocene_events_timelines` WRITE;
/*!40000 ALTER TABLE `holocene_events_timelines` DISABLE KEYS */;
INSERT INTO `holocene_events_timelines` VALUES (1,1),(1,6),(1,18),(2,1),(2,3),(2,18),(3,1),(3,3),(3,18),(4,1),(4,3),(4,18),(5,1),(5,6),(5,18),(6,1),(6,6),(6,18),(7,1),(7,6),(7,18),(8,1),(8,2),(8,3),(8,6),(8,18),(8,20),(9,1),(9,6),(9,18),(10,1),(10,6),(10,18),(11,1),(11,3),(11,13),(12,1),(12,3),(12,13),(13,1),(13,3),(13,13),(14,1),(14,3),(14,13),(15,1),(15,3),(15,13),(16,1),(16,3),(16,13),(16,19),(17,1),(17,3),(17,13),(18,1),(18,3),(18,13),(19,1),(19,3),(19,13),(20,1),(20,3),(20,13),(21,1),(21,3),(21,13),(22,1),(22,3),(22,14),(23,1),(23,3),(23,14),(24,1),(24,3),(24,14),(25,1),(25,3),(25,14),(26,1),(26,2),(26,6),(26,14),(27,1),(27,3),(27,14),(28,1),(28,14),(29,1),(29,3),(29,14),(30,1),(30,3),(30,14),(31,1),(31,3),(31,14),(32,1),(32,6),(32,14),(33,1),(33,3),(33,14),(34,1),(34,3),(34,14),(35,1),(35,3),(35,14),(36,1),(36,3),(36,14),(37,1),(37,3),(37,14),(38,1),(38,3),(38,14),(39,1),(39,3),(39,14),(40,1),(40,3),(40,14),(41,1),(41,3),(41,14),(42,1),(42,3),(42,14),(43,1),(43,3),(43,14),(44,1),(44,3),(44,14),(45,1),(45,3),(45,14),(46,1),(46,3),(46,14),(47,1),(47,3),(47,14),(48,1),(48,3),(48,14),(49,1),(49,3),(49,14),(50,1),(50,3),(50,14),(51,1),(51,3),(51,14),(52,1),(52,3),(52,14),(53,1),(53,3),(53,14),(54,1),(54,2),(55,1),(55,2),(56,1),(56,2),(56,3),(57,1),(57,2),(58,1),(58,1),(58,2),(58,3),(58,3),(59,1),(59,2),(60,1),(60,2),(61,1),(61,2),(61,6),(62,1),(62,2),(62,6),(63,1),(63,1),(63,2),(63,6),(63,20),(64,1),(64,2),(64,6),(65,1),(65,2),(66,1),(66,2),(67,1),(67,2),(68,1),(68,2),(69,1),(69,2),(70,1),(70,2),(71,1),(71,15),(72,1),(72,6),(72,15),(73,1),(73,15),(74,1),(74,15),(75,1),(75,3),(75,15),(76,1),(76,3),(76,15),(77,1),(77,6),(77,15),(78,1),(78,3),(78,15),(79,1),(79,3),(79,15),(80,1),(80,3),(80,15),(81,1),(81,6),(81,19),(82,1),(82,1),(82,6),(82,19),(82,20),(83,1),(83,19),(84,1),(84,19),(85,1),(85,19),(86,1),(86,19),(87,1),(87,19),(88,1),(88,3),(88,19),(89,1),(89,19),(90,1),(90,1),(90,9),(90,19),(91,1),(91,11),(92,1),(92,11),(93,1),(93,11),(94,1),(94,11),(95,1),(95,11),(96,1),(96,1),(96,6),(96,10),(96,20),(97,1),(97,10),(98,1),(98,6),(98,10),(99,1),(99,10),(100,1),(100,10),(101,1),(101,12),(102,1),(102,10),(102,12),(103,1),(103,1),(103,5),(103,5),(104,1),(104,5),(105,1),(105,5),(106,1),(106,3),(106,5),(107,1),(107,3),(107,5),(108,1),(108,3),(108,5),(109,1),(109,5),(109,6),(110,1),(110,5),(111,1),(111,5),(112,1),(112,5),(113,1),(113,1),(113,3),(113,5),(114,1),(114,1),(114,3),(114,5),(115,1),(115,5),(115,6),(116,1),(116,5),(117,1),(117,9),(118,1),(118,9),(119,1),(119,6),(119,9),(120,1),(120,6),(120,9),(121,1),(121,6),(121,9),(122,1),(122,3),(122,9),(123,1),(123,3),(123,9),(124,1),(124,3),(124,9),(125,1),(125,3),(125,9),(126,1),(126,3),(126,9),(127,1),(127,3),(127,9),(128,1),(128,3),(128,9),(129,1),(129,3),(129,9),(130,1),(130,6),(130,9),(131,1),(131,6),(131,9),(132,1),(132,9),(133,1),(133,9),(134,1),(134,9),(135,1),(135,3),(135,17),(136,1),(136,3),(137,1),(137,3),(138,1),(138,3),(139,1),(139,3),(140,1),(140,3),(141,1),(141,3),(142,1),(142,3),(143,1),(143,3),(144,1),(144,3),(145,1),(145,3),(146,1),(146,3),(147,1),(147,3),(148,1),(148,3),(149,1),(149,3),(150,1),(150,3),(151,1),(151,3),(152,1),(152,3),(153,1),(153,3),(154,1),(154,3),(155,1),(155,3),(156,1),(156,3),(157,1),(157,3),(158,1),(158,3),(159,1),(159,3),(160,1),(160,3),(161,1),(161,3),(162,1),(162,3),(163,1),(163,3),(164,1),(164,3),(165,1),(165,3),(166,1),(166,3),(167,1),(167,3),(168,1),(168,1),(168,3),(168,3),(169,1),(169,3),(170,1),(170,3),(171,1),(171,3),(172,1),(172,3),(173,1),(173,3),(174,1),(174,3),(175,1),(175,3),(176,1),(176,3),(177,1),(177,3),(178,1),(178,3),(179,1),(179,3),(180,1),(180,3),(181,1),(181,3),(182,1),(182,3),(183,1),(183,3),(184,1),(184,3),(185,1),(185,3),(186,1),(186,3),(187,1),(187,3),(188,1),(188,3),(189,1),(189,3),(190,1),(190,3),(191,1),(191,3),(192,1),(192,3),(193,1),(193,3),(194,1),(194,3),(195,1),(195,3),(196,1),(196,3),(197,1),(197,3),(198,1),(198,3),(199,1),(199,3),(200,1),(200,3),(201,1),(201,3),(202,1),(202,3),(203,1),(203,3),(204,1),(204,3),(205,1),(205,3),(206,1),(206,3),(207,1),(207,3),(208,1),(208,3),(209,1),(209,3),(210,1),(210,3),(211,1),(211,3),(212,1),(212,3),(213,1),(213,3),(214,1),(214,3),(215,1),(215,3),(216,1),(216,3),(217,1),(217,3),(218,1),(218,3),(219,1),(219,3),(220,1),(220,3),(221,1),(221,3),(222,1),(222,3),(223,1),(223,3),(224,1),(224,3),(225,1),(225,3),(226,1),(226,3),(227,1),(227,3),(228,1),(228,3),(229,1),(229,3),(230,1),(230,3),(231,1),(231,3),(232,1),(232,3),(233,1),(233,3),(234,1),(234,3),(235,1),(235,3),(236,1),(236,3),(237,1),(237,3),(238,1),(238,3),(239,1),(239,3),(240,1),(240,3),(241,1),(241,3),(242,1),(242,3),(243,1),(243,6),(244,1),(244,6),(245,1),(245,1),(245,6),(245,20),(246,1),(246,6),(247,1),(247,6),(248,1),(248,6),(249,1),(249,6),(250,1),(250,6),(251,1),(251,6),(252,1),(252,6),(253,1),(253,6),(254,1),(254,6),(255,1),(255,6),(256,1),(256,6),(257,1),(257,6),(258,1),(258,6),(259,1),(259,6),(260,1),(260,6),(261,1),(261,6),(262,1),(262,6),(263,1),(263,1),(263,6),(263,20),(264,1),(264,6),(264,20),(265,1),(265,6),(265,20),(266,1),(266,6),(266,20),(267,1),(267,6),(267,20),(268,1),(268,6),(268,20),(269,1),(269,6),(269,20),(270,1),(270,6),(270,20),(271,1),(271,6),(272,1),(272,6),(272,20),(273,1),(273,6),(273,20),(275,1),(275,6),(275,20),(276,1),(276,6),(276,20),(277,1),(277,6),(277,20),(278,1),(278,6),(278,20),(279,1),(279,6),(280,1),(280,6),(281,1),(281,6),(282,1),(282,6),(283,1),(283,6),(284,1),(284,6),(285,1),(285,6),(286,1),(286,6),(287,1),(287,1),(287,6),(287,20),(288,1),(288,6),(289,1),(289,1),(289,6),(289,20),(290,1),(290,1),(290,6),(290,20),(291,1),(291,1),(291,6),(291,20),(292,1),(292,1),(292,6),(292,20),(293,1),(293,6),(294,1),(294,1),(294,6),(294,20),(295,1),(295,1),(295,6),(295,20),(296,1),(296,1),(296,6),(296,20),(297,1),(297,6),(298,1),(298,1),(298,6),(298,20),(299,1),(299,1),(299,6),(299,20),(300,1),(300,1),(300,6),(300,20),(301,1),(301,1),(301,6),(301,20),(302,1),(302,6),(303,1),(303,1),(303,6),(303,20),(304,1),(304,6),(305,1),(305,1),(305,6),(305,20),(306,1),(306,1),(306,6),(306,20),(307,1),(307,6),(308,1),(308,6),(309,1),(309,6),(310,1),(310,1),(310,6),(310,20),(311,1),(311,1),(311,6),(311,20),(312,1),(312,6),(313,1),(313,1),(313,6),(313,20),(314,1),(314,1),(314,6),(314,20),(315,1),(315,6),(316,1),(316,6),(317,1),(317,6),(318,1),(318,6),(319,1),(319,6),(320,1),(320,1),(320,6),(320,20),(321,1),(321,1),(321,6),(321,20),(322,1),(322,1),(322,6),(322,20),(323,1),(323,1),(323,6),(323,20),(324,1),(324,1),(324,6),(324,20),(325,1),(325,1),(325,6),(325,20),(326,1),(326,1),(326,6),(326,20),(327,1),(327,6),(328,1),(328,6),(329,1),(329,6),(330,1),(330,6),(331,1),(331,6),(332,1),(332,1),(332,6),(332,20),(333,1),(333,6),(334,1),(334,1),(334,6),(334,20),(335,1),(335,1),(335,6),(335,20),(336,1),(336,6),(337,1),(337,6),(338,1),(338,6),(339,1),(339,6),(340,1),(340,6),(341,1),(341,6),(342,1),(342,6),(343,1),(343,6),(344,1),(344,6),(345,1),(345,6),(346,1),(346,1),(346,6),(346,20),(347,1),(347,6),(348,1),(348,6),(349,1),(349,6),(350,1),(350,1),(350,6),(350,20),(351,1),(351,6),(352,1),(352,6),(353,1),(353,6),(354,1),(354,6),(355,1),(355,6),(356,1),(356,6),(357,1),(357,6),(358,1),(358,6),(359,1),(359,6),(360,1),(360,6),(361,1),(361,6),(362,1),(362,1),(362,6),(362,20),(363,1),(363,6),(364,1),(364,6),(365,1),(365,6),(366,1),(366,6),(367,1),(367,1),(367,6),(367,20),(368,1),(368,6),(369,1),(369,1),(369,6),(369,20),(370,1),(370,6),(371,1),(371,6),(372,1),(372,1),(372,6),(372,20),(373,1),(373,6),(374,1),(374,6),(375,1),(375,6),(376,1),(376,6),(377,1),(377,6),(378,1),(378,6),(379,1),(379,6),(380,1),(380,6),(381,1),(381,6),(382,1),(382,6),(383,1),(383,6),(384,1),(384,6),(385,1),(385,6),(386,1),(386,6),(387,1),(387,6),(388,1),(388,6),(389,1),(389,6),(390,1),(390,6),(391,1),(391,6),(392,1),(392,6),(393,1),(393,6),(394,1),(394,6),(395,1),(395,6),(396,1),(396,6),(397,1),(397,6),(398,1),(398,6),(399,1),(399,6),(400,1),(400,6),(401,1),(401,6),(402,1),(402,6),(403,1),(403,6),(404,1),(404,6),(405,1),(405,20),(406,1),(406,20);
/*!40000 ALTER TABLE `holocene_events_timelines` ENABLE KEYS */;
UNLOCK TABLES;

--
-- Table structure for table `partitions`
--

DROP TABLE IF EXISTS `partitions`;
/*!40101 SET @saved_cs_client     = @@character_set_client */;
/*!40101 SET character_set_client = utf8 */;
CREATE TABLE `partitions` (
  `id` bigint(20) NOT NULL AUTO_INCREMENT,
  `name` varchar(255) COLLATE utf8mb4_unicode_ci DEFAULT NULL,
  `body` text COLLATE utf8mb4_unicode_ci DEFAULT NULL,
  `chapter_id` int(11) DEFAULT NULL,
  `created_at` datetime NOT NULL,
  `updated_at` datetime NOT NULL,
  PRIMARY KEY (`id`)
) ENGINE=InnoDB AUTO_INCREMENT=5 DEFAULT CHARSET=utf8mb4 COLLATE=utf8mb4_unicode_ci;
/*!40101 SET character_set_client = @saved_cs_client */;

--
-- Dumping data for table `partitions`
--

LOCK TABLES `partitions` WRITE;
/*!40000 ALTER TABLE `partitions` DISABLE KEYS */;
INSERT INTO `partitions` VALUES (1,'Preface','<p>My Ancient Ancestors were smarter than your Ancient Aliens.</p>',1,'2020-05-22 16:45:49','2020-06-26 14:21:37'),(2,'Introduction','\n<p>Survivalists worry that the government is out to get them.</p>\n<p>Preppers worry that the government will not be there when they need it.</p>\n',2,'2020-05-22 16:45:49','2020-05-22 16:45:49'),(3,'Of things that go boom','\n<p>Of goulies and ghosties<br/>\n   and long legged besties<br/>\n   and things that go boom in the night,<br/>\n   St. Barbara deliver us.\n</p>\n<p>St. Barbara was born in the mid-third century<br/>\n and is the patron saint of armourers, artillerymen,<br/>\n military engineers, miners and others who work with<br/>\n explosives because of her legend\'s association with<br/>\n lightning, and also of mathematicians.\n</p>\n',3,'2020-05-22 16:45:50','2020-05-22 16:45:50'),(4,'Timelines','',18,'2020-05-22 16:46:24','2020-05-22 16:46:24');
/*!40000 ALTER TABLE `partitions` ENABLE KEYS */;
UNLOCK TABLES;

--
-- Table structure for table `regions`
--

DROP TABLE IF EXISTS `regions`;
/*!40101 SET @saved_cs_client     = @@character_set_client */;
/*!40101 SET character_set_client = utf8 */;
CREATE TABLE `regions` (
  `id` bigint(20) NOT NULL AUTO_INCREMENT,
  `name` varchar(255) COLLATE utf8mb4_unicode_ci DEFAULT NULL,
  `body` text COLLATE utf8mb4_unicode_ci DEFAULT NULL,
  `created_at` datetime NOT NULL,
  `updated_at` datetime NOT NULL,
  `user_id` int(11) DEFAULT NULL,
  PRIMARY KEY (`id`)
) ENGINE=InnoDB AUTO_INCREMENT=19 DEFAULT CHARSET=utf8mb4 COLLATE=utf8mb4_unicode_ci;
/*!40101 SET character_set_client = @saved_cs_client */;

--
-- Dumping data for table `regions`
--

LOCK TABLES `regions` WRITE;
/*!40000 ALTER TABLE `regions` DISABLE KEYS */;
INSERT INTO `regions` VALUES (1,'Africa',NULL,'2020-05-22 16:45:37','2020-05-22 16:45:37',1),(2,'Australasia',NULL,'2020-05-22 16:45:37','2020-05-22 16:45:37',1),(3,'Central America',NULL,'2020-05-22 16:45:37','2020-05-22 16:45:37',1),(4,'Central Asia',NULL,'2020-05-22 16:45:37','2020-05-22 16:45:37',1),(5,'East Asia',NULL,'2020-05-22 16:45:37','2020-05-22 16:45:37',1),(6,'Eurasia',NULL,'2020-05-22 16:45:37','2020-05-22 16:45:37',1),(7,'Europe',NULL,'2020-05-22 16:45:37','2020-05-22 16:45:37',1),(8,'Far East',NULL,'2020-05-22 16:45:37','2020-05-22 16:45:37',1),(9,'Global',NULL,'2020-05-22 16:45:37','2020-05-22 16:45:37',1),(10,'Iceland and Arctic Ocean',NULL,'2020-05-22 16:45:37','2020-05-22 16:45:37',1),(11,'Indian Ocean',NULL,'2020-05-22 16:45:37','2020-05-22 16:45:37',1),(12,'Middle East',NULL,'2020-05-22 16:45:37','2020-05-22 16:45:37',1),(13,'Near East',NULL,'2020-05-22 16:45:37','2020-05-22 16:45:37',1),(14,'North America',NULL,'2020-05-22 16:45:37','2020-05-22 16:45:37',1),(15,'South America',NULL,'2020-05-22 16:45:37','2020-05-22 16:45:37',1),(16,'Southeast Asia',NULL,'2020-05-22 16:45:38','2020-05-22 16:45:38',1),(17,'Unknown',NULL,'2020-05-22 16:45:38','2020-05-22 16:45:38',1),(18,'Egypt','The region on the Nile and surrounding deserts.','2020-07-07 16:39:06','2020-07-07 16:39:06',1);
/*!40000 ALTER TABLE `regions` ENABLE KEYS */;
UNLOCK TABLES;

--
-- Table structure for table `roles`
--

DROP TABLE IF EXISTS `roles`;
/*!40101 SET @saved_cs_client     = @@character_set_client */;
/*!40101 SET character_set_client = utf8 */;
CREATE TABLE `roles` (
  `id` bigint(20) NOT NULL AUTO_INCREMENT,
  `name` varchar(255) COLLATE utf8mb4_unicode_ci DEFAULT NULL,
  `resource_type` varchar(255) COLLATE utf8mb4_unicode_ci DEFAULT NULL,
  `resource_id` bigint(20) DEFAULT NULL,
  `created_at` datetime NOT NULL,
  `updated_at` datetime NOT NULL,
  PRIMARY KEY (`id`),
  KEY `index_roles_on_name_and_resource_type_and_resource_id` (`name`,`resource_type`,`resource_id`),
  KEY `index_roles_on_name` (`name`),
  KEY `index_roles_on_resource_type_and_resource_id` (`resource_type`,`resource_id`)
) ENGINE=InnoDB AUTO_INCREMENT=3 DEFAULT CHARSET=utf8mb4 COLLATE=utf8mb4_unicode_ci;
/*!40101 SET character_set_client = @saved_cs_client */;

--
-- Dumping data for table `roles`
--

LOCK TABLES `roles` WRITE;
/*!40000 ALTER TABLE `roles` DISABLE KEYS */;
INSERT INTO `roles` VALUES (1,'newuser',NULL,NULL,'2020-05-22 16:45:36','2020-05-22 16:45:36'),(2,'admin',NULL,NULL,'2020-05-22 16:45:36','2020-05-22 16:45:36');
/*!40000 ALTER TABLE `roles` ENABLE KEYS */;
UNLOCK TABLES;

--
-- Table structure for table `schema_migrations`
--

DROP TABLE IF EXISTS `schema_migrations`;
/*!40101 SET @saved_cs_client     = @@character_set_client */;
/*!40101 SET character_set_client = utf8 */;
CREATE TABLE `schema_migrations` (
  `version` varchar(255) COLLATE utf8mb4_unicode_ci NOT NULL,
  PRIMARY KEY (`version`)
) ENGINE=InnoDB DEFAULT CHARSET=utf8mb4 COLLATE=utf8mb4_unicode_ci;
/*!40101 SET character_set_client = @saved_cs_client */;

--
-- Dumping data for table `schema_migrations`
--

LOCK TABLES `schema_migrations` WRITE;
/*!40000 ALTER TABLE `schema_migrations` DISABLE KEYS */;
INSERT INTO `schema_migrations` VALUES ('20181024220428'),('20181024220524'),('20181024220607'),('20181025171734'),('20181025171735'),('20181025171736'),('20181025171737'),('20181025171738'),('20181025171739'),('20181027173450'),('20181027173528'),('20181027173800'),('20181027174332'),('20181028234856'),('20181028234919'),('20181029192611'),('20181029192631'),('20181030184320'),('20181030184452'),('20181030184635'),('20181101194057'),('20181103155335'),('20181105200956'),('20181105201041'),('20181105202242'),('20181105203620'),('20181105204850'),('20181105212538'),('20181110224118'),('20181111214158'),('20181120183204'),('20181120232318'),('20181122181339'),('20181209030926'),('20190101171830'),('20190107192108'),('20190107205358'),('20190108202117'),('20191017140214'),('20191119161158'),('20191119161632'),('20191212155553'),('20191212221035'),('20191213163641'),('20200110182052'),('20200419162533'),('20200621222050'),('20200716134230');
/*!40000 ALTER TABLE `schema_migrations` ENABLE KEYS */;
UNLOCK TABLES;

--
-- Table structure for table `sections`
--

DROP TABLE IF EXISTS `sections`;
/*!40101 SET @saved_cs_client     = @@character_set_client */;
/*!40101 SET character_set_client = utf8 */;
CREATE TABLE `sections` (
  `id` bigint(20) NOT NULL AUTO_INCREMENT,
  `name` varchar(255) COLLATE utf8mb4_unicode_ci DEFAULT NULL,
  `display_name` tinyint(1) DEFAULT NULL,
  `body` text COLLATE utf8mb4_unicode_ci DEFAULT NULL,
  `position` int(11) DEFAULT NULL,
  `slug` varchar(255) COLLATE utf8mb4_unicode_ci DEFAULT NULL,
  `chapter_id` int(11) DEFAULT NULL,
  `created_at` datetime NOT NULL,
  `updated_at` datetime NOT NULL,
  `embed` int(11) DEFAULT 0,
  PRIMARY KEY (`id`)
) ENGINE=InnoDB AUTO_INCREMENT=76 DEFAULT CHARSET=utf8mb4 COLLATE=utf8mb4_unicode_ci;
/*!40101 SET character_set_client = @saved_cs_client */;

--
-- Dumping data for table `sections`
--

LOCK TABLES `sections` WRITE;
/*!40000 ALTER TABLE `sections` DISABLE KEYS */;
INSERT INTO `sections` VALUES (1,'Bølling-Allerød Warming ',1,'<p>A warm period that ran from 12,700 BC to 10,700 BC.\r\nThe access to the north and the megafauna probably resulted in an increase in population.\r\nWith the extinction of the megafauna, people would have suffered a decrease of population resulting in a return to hunting and gathering.  \r\nEventually, cereal grains would have been found and various preparations would have been created to take advantage of the cereal\'s sweet taste.\r\n</p><p>At the beginning of the period, a meltwater pulse caused a retreat from the coast lines piling people on to people.</p>\r\n<p>By the end of this time frame, bread was being made, beer was just being produced and man\'s best friend was every hopeful you would drop what you are eating.  \r\nThird of a pizza, a beer and a dog.  All that was missing was a Frisbee.\r\n</p><p>\r\nAnd then a very bad day happened.</p><p>\r\nWell, bad millennia really.\r\n</p>',1,'XrwLuNeKBY',3,'2020-05-22 16:45:50','2020-06-30 16:57:12',0),(2,'The Younger Dryas Impact Event ',1,'<p>Around 10,950 BC an object slammed into Earth or exploded just above the surface creating a very bad day for everyone.\r\nThis event is now called the Younger Dryas Impact event.\r\nImmediately following the impact, the Younger Dryas climate event happened.\r\nIt is called an impact event for several reasons:\r\n</p>\r\n<ul>\r\n<li>The size or number of bodies is unknown.</li>\r\n<li>Until recently, there was no evidence of any crater(s).</li>\r\n<li>The circumstantial evidence is overwhelming.</li>\r\n</ul>\r\n<p>It appears to have shattered in the atmosphere with at least one impact crater created in Greenland.\r\nThese impacts were over the North American ice cap as well resulting in tons of ice thrown into the atmosphere.  \r\n</p>\r\n<p>The first major effect of the impact would be boom seeming to come from the North.  \r\nThis was followed by a shock wave which blew over parts of North America, Siberia and Northern Europe.  \r\nThe shock wave would have killed both people and animals as well as destroy trees and other flora and fauna as well as creating fires. This resulted in the Clovis event layer in Europe.[[hbu27ukVMd]] \r\n</p>\r\n<p>Additionally, the impact\'s displacement of ice into the atmosphere would result in the ice crystals reflecting light in the high altitudes.\r\nThe resulting light would allow anyone to travel about at night.\r\nThe ice would also reflect sunlight back to space resulting in a sudden drop in temperature.\r\nWinter came to the Northern Hemisphere in a geological blink of an eye.\r\n</p><p>God spoke and there was Light.</p>',2,'86VBQ5JmH4',3,'2020-05-22 16:45:52','2020-06-30 17:05:29',0),(3,'The Younger Dryas ',1,'<p>The Clovis Impact Event broke a dam atop the ice pack on the North American continent resulting in a large outpouring of ice cold fresh water into the Ocean.\r\nThis in turn shutdown the Thermohaline circulation keeping northern American and Europe warm.\r\nThe estimate as to how long it took to stop the circulation is 10 years.\r\n</p><p>\r\nThe change was sudden and total.  \r\nAreas of Europe where trees has started to take hold from the start of the Bølling oscillation returned to tundra.\r\nThe tundra would last 1,200 years.\r\n</p><p>\r\nThe event caused people to move into a more subsistence existence.\r\nMigrations of people from Europe and the northern tundra towards the south would have resulted in a great die off of people as those ahead of them on the trail would have hunted out the food.\r\nThey mobilize to follow prey and gather surviving vegetables.\r\n</p><p>A not immediately obvious fact during the Younger Dryas is the rising sea level due to the meltwater from the lake on North America. This pulsewater rose the ocean by a level 52 to 82 feet. This happened in a 400 - 500 year period. This event is called Meltwater Pulse 1A.﻿</p>',4,'fxtp6Kv3JS',3,'2020-05-22 16:45:52','2020-06-30 17:06:06',0),(4,'The Beginnings ',1,'\n<p>When the Holocene Event occurred, the was a great deal of death.  \nDeath of animals and humans.  \nThose who had moved into Northern climes, where either directly blasted by the shock wave from the impact, \nburned by the flash fires started by the shock wave[[Lwzv5Agp8y]] \n or froze as the temperature plummeted.\nSuch death would have filled the skies with vultures for weeks on end.  \n</p>\n<p>\nSome of those who survived and witnessed the boom, the light display, and the deep chilling cold returned from days past asked why?\nSo they created Gobekli Tepe to watch for the return of that \'God\' who stomped on the World.\nBut Gobekli Tepe was not a total answer because of the procession of the stars.\nEventually, procession would lead to the abandonment of Gobekli Tepe and the formation of two different groups.  \nThe first group being those who Watch for God\'s return.\nThe second, those who study the stars forming a University in Stone.\n</p>\n',0,'escXp8xUPC',4,'2020-05-22 16:45:53','2020-05-22 16:45:53',0),(5,'The Spread of Knowledge ',1,'\n<p>\nWho benefited from the work of the Watchers?<br/><br/>\nNoah for one.\n</p><p>\nTradition says that Noah was warned by a Watcher.\nThe purpose of the Watch is to detect and warm about another impact that may be like the Younger Dryas Impact.\nThat there are similar stories around the world is because the experience was the same.\nThe Watcher detected an object heading towards earth and went down the mountain as it were to warn the righteous.\n</p><p>\nEgypt benefited directly in the transfer of knowledge on mathematics, astronomy, and stone working.\nThat Egypt so quickly went from the hunter gathers along the Nile to building mastabas.\nAdditionally, much of the Cow cult worship at Nabta Playa seems to have translated into Egyptian society in the form of a God worship.\n</p><p>\nStonehenge has become a World Heritage Site and represents the pinnacle of ancient people.\nIt is the ultimate expression of the work of the Watchers and the Stone university.\nIt demonstrates the rising and setting suns at the equinoxes and solstices as well as the northern and southern most moon rise and set.\n</p><p>\nEventually, the results of the Watchers is the body of mathematical knowledge passed to the public via the Greek mathematicians.\nEvidence of their work can be seen in the Sumerian Star Map, the Egyptian mathematical papyri and the Babylonian table describing a rudimentary form of integral calculus.\n</p><p>\nPerhaps the most interesting thing that has been found relating to astronomy is the K8538[[KnQamgwbBD]]  tablet found in Nineveh at the library of King Ashurbanipal.\nThe tablet is dated to around 650 BC based on the style of written Babylonian cuneiform.\nIt has taken about 150 years to decode as it has been described as the most unique Babylonian documents.\nThe tablet describes the approach of a comet over 21 day period up to and including the impact creating Umm al Binni.\nAs we will see the chapter on Drought, it caused the creation of Umm al Binni and the 4.2 kiloyear event resulting in 300 years of cold and drought.\n</p>\n',1,'FpJ1cDvCwG',4,'2020-05-22 16:45:54','2020-05-22 16:45:54',0),(6,'Orion - the Mark of a Belt ',1,'\n<p>\nOne of the issues that the Ancient astronomers had was how do you tell the future that something happened.  \nAt Gobekli Tepe, the vulture stone serves that purpose.\nHowever, carving a stone each time something happens is impractical. \nIndeed, the stone carvings at Gobekli Tepe show the degradation of craft between the Vulture stone and subsequent circles.\nThe selection of Orion\'s Belt as marker in time was based on their observations of the fact that the stars in the belt do not vary overtime.\n</p><p>\nOrion served as a marker.\nThe relative distance and degrees of separation are stable over time.\nThis makes it ideal for a time marker.\nBy placing markers marking the position of the three stars of the belt at say the summer solstice, we leave a time mark that says \'We were here then\'.\nUsing multiple markers, we can show the progression of the stars.\n</p><p>\nThe Orion Correlation Theory as put forth by Robert Bauval[[33xTvxWVEB]]  puts the construction of the Great Pyramids at about 10,500 BC.\nHis argument is that the pyramids are aligned to Orion\'s belt as it appeared in the sky around 10,500 BC. \nKnowing that they Vulture stone at Gobekli Tepe gives a date around 10,950 BC lends credence to Bauval\'s theory.\n</p><p>\nAccepting the 10,500 BC date can be explained by the concept that the engineers who built the Pyramids purposely aligned them to that date.\nThis is consistent with the concept that the last group of people from Nabta Playa moved into Egypt bringing their expertise in mathematics, engineering, astronomy and stone work to the Egyptian culture.\nIt is argued by the Ancient Aliens people that the advancement of the Egyptian society to pyramid building in a short period of time can be explained by the integration of the Nabta Playa refugees into main stream Egyptian culture.\n</p><p>\nAdditionally, the second part of the Orion Correlation Theory that of the building and orientation of the Sphinx to the Leo constellation.\nAgain it is possible to assume that the orientation is correct if we look at who build the Sphinx and when.\nIf it were constructed by the group from Nabta Playa, then we can assume that they chose the orientation due to a specific reason.\nAnd the orientation as with the pyramids did not related to when it was built.\nThe part of the Orion Correlation Theory on the water damage of the sphinx dating it to far in the past will be examined in the chapter on Noah\'s Flood.\n</p>\n',1,'KSUfb4q650',5,'2020-05-22 16:45:56','2020-06-24 19:26:42',0),(7,'Nabta Playa, Egypt - Stones in the Sand ',1,'<p>Nabta Playa would play an essential role in advancing the understanding of Astronomy.\r\nThe arrangements of the stone show astronomical objects at certain times in the past.\r\nBy comparing the locations of each set of stone, an approximate calculation could be made on how long the progression cycle would take.\r\n</p><p>\r\nAn example of the influence of the Holocene Impact Event is that there exists a set of structure at Nabta Playa that have \r\noval structures on the surface setting on buried sculpted bedrock and cow sculpture.\r\nOne researcher believed that pits were dug out sometimes up to 5 meters(16 feet) in diameter and at least 3.5 meters(11 feet) deep.\r\nThe underlying bedrock was smoothed and then partially buried.\r\nThe cow sculpture was then added and the pit filled to the surrounding surface level.\r\nFinally, an oval of megaliths were placed over the filled in pit.\r\n</p><p>\r\nBrophy[[D794GMvCWT]]  points out that given the dating of the organic materials in the sand is between 6,400 BC and 5,000 BC indicating that the CSA (Complex Structure A) was built before the sand covered.\r\nThe complex structures seem to be a recreation of the structures created at Gobekli Tepe.\r\nThe enclosures in the bedrock describes the circular structure created to hold the various items used at Gobekli Tepe, \r\nthe Taurus star cluster being watched (cow sculpture) and stone flood and seats (smoothed bedrock).\r\nA degradation of the story of the creation and purpose of Gobekli Tepe.\r\n</p><p>\r\nThe alignment of the megaliths dating to 6,270 BC seem to indicate an understanding of the relationship between what is seen in the sky (comets) and droughts.\r\nThe 6,270 BC dating being consistent with the 8.2K Event which caused between 2 to 4 centuries of drought.\r\nThe megaliths align to the CSA from several directions.</p><p>During the droughts, the people moved into the Nile valley and north into Libya. Bagnold\'s Circle in Libya seems to indicate a place to examine for human presence. That the calendar circle does not appear at Nabta Playa before 4,200 BC seems to give a date for the use of both circles: one in dry season and one in wet season.</p><p>After the drought when people returned to Nabta Playa, the megaliths were used to find the original work at the site now called Complex Structure A.\r\nFinding that sand had covered the structures, the people created outlines about them to indicate their position.\r\n</p><p>\r\nNabta Playa worked perfectly for at least 3,000 years.  \r\nHowever, water started disappearing with the Bond 4/5.9 Kiloyear Event and it had to be abandoned around 3,600 BC.  \r\nThe observatory moved to Stonehenge as the area had been cleared of trees and looks like it does today.\r\n</p>',3,'EVVyQMmtnU',5,'2020-05-22 16:45:56','2020-06-24 19:26:42',0),(8,'Almendres, Portugal - Monolith Marking Pins ',1,'\n<p>The small size, round tops and shaped like a map marker.\nThe \'pins\' were moved many times forming the present arrangement.\nAn isolated menhir aligns the circle with the winter solstice.\n</p><p>\nOne of the question I have about this site is who created it.\nThe use of the stone \'marking pins\' as a means of exploring the connections between the moon and the sun was brilliant.\nStone being permanent requires a great deal of thought about how to arrange them.\nAlmendres Cromlech\'s use of the marking pins allowed for ideas to be developed and changed made to see if the idea is correct.\n</p>\n',7,'xzbMXcQSc7',5,'2020-05-22 16:45:58','2020-06-26 01:41:05',0),(9,'Stonehenge, England - the Queen of Stone ',1,'\n<p>No other stone circle has as many features for measuring astronomical events.\n</p><p>\nAt Stonehenge, there were several things going on.  \nFirst was the use of trees to teach movements of the stars and sun.  \nWoodhenge is such a creation.  \nBut it uncovered the problem with using timber - it rots.\n</p><p>\nUsing stone, they created the Cursus which from the point of view of the eventual monument is a grid against which the night sky can be measured.\nAt either end of the Cursus, holes denoting the sunrise and sunset at the summer solstice were found.\nThe Cursus also aligns with the equinox sunrise.\n</p><p>\nStonehenge\'s construction faced many challenges the least of which was the transportation of the stones to the site.\nThe builders being the same group some 4 to 5 millennia after the construction of Gobekli Tepe still had both the astronomical knowledge as well as the organized labor force.\nThe Bell Beaker peoples who supplemented the people at Stonehenge when they arrived in England assumed some of the attributes of the builders. \nBut as the changes in the bluestones shows the did not truly know what they were doing.\nStonehenge 3 III saw the replacement of the bluestones after they have been removed from the circle.\nThat they were eventually replaced, moved and then redressed to fit suggests that they understanding of astronomy was beginning to rise in the Bell Beaker culture.\n</p><p>\nWork on Stonehenge stopped when the plague hit England something after its arrival in the Middle East at Jerico.\nThe plague being a non-discriminator disease most likely decimated the population in England.\nIts effects on the peoples of Europe has been documented in gene studies of the survivors.\n</p>\n',8,'TQxtc2zyMQ',5,'2020-05-22 16:45:59','2020-06-26 01:41:05',0),(10,'Additional Efforts ',1,'\n<p>These are areas of the world were calendaring and astronomy were done.\nWarren Field for example started as a Lunar calendar and eventually a solar component was added to align the Sun-Moon calendars with the Midwinter Solstice.\nGoseck Circle show evidence of use as a solar calendar denoting the solstices.\n</p>\n<p>The Sumerian Star Map and the Babylonian table denote a sophisticated level of understand of the need for records and the need to continue to translate the libraries associated with Babylon and Sumeria.\n</p>\n',9,'8wcsTmJUBx',5,'2020-05-22 16:46:02','2020-06-26 01:41:05',0),(11,'Day 1 Let there be Light ',1,'\n<p>\nOne of the things that fascinated me about the Tunguska blast was the report of the bright sky at night in London allowed reading the newspaper.\nAn effect after the event that lasted 9 days.\nThis luminous effects is a result of ice crystals in the atmosphere and it is believed that it was similar to the display caused by the reentry of the space shuttle.\nA similar effect on an significantly larger scale would have occurred at the Younger Dryas impact.\n</p>\n<p>\nGod spoke (the noise of the impact), and there was Light (the luminescent display by ice particles over the northern hemisphere).\n</p>\n<p>\nSimplistic explanation?\nPerhaps, but consider that Mankind at that time was dispersed over a large area of the globe.\nSuch an event  would be known by by those in the Eurasian continent with awe as a supernatural event.\nUnlike the peoples of the new world for which the event was catastrophe, most of the Old world was awed into the beginnings of awareness of a single Creator of events.\n</p>\n',1,'PmuXEs21JY',6,'2020-05-22 16:46:02','2020-06-26 16:57:49',0),(12,'Day 2 Dividing the Waters ',1,'\n<p>\nThe end of the Younger Dryas started the thawing of the ice across the contents of world.\nThis would especially affect anyone living on the plains around the Euxine Sea (ancient Black Sea).\nMoulins would release random amounts of water at random times of the warm season (summer).  \nSuch conditions are not conducive to any activities.\nHunting be based on following herds as they transverse the tundra below the ice fields as the retreat north.\n</p>\n<p>\nDuring such a period of sudden flooding, the question of where is the normal flow of water coming from would be a primary need.\nRivers would swell with sudden influxes of water and streams that seem to have a permanence would disappear as the ice moves north.\nBy the end of the period most major rivers had formed.\nTheir wandering over their ancient beds would continue, but their jumping over vast areas would have subsided.\n</p>\n',2,'66d6bgaFg4',6,'2020-05-22 16:46:03','2020-06-26 16:57:49',0),(13,'Day 3 Dry Land ',1,'\n<p>\nDuring the thawing of the great ice sheets over the Eurasian continent, flooding was a constant feature along a wide area.\nAny area below an ice field would have been subject to flash floods when a drain hole opens from a surface lake on the ice.\n</p>\n<p>\nThis constant flooding made life difficult for more than just man.\nPlants and nesting animals would have little change of survival in such floods.\nHumans adapted by either retreating to the hills above such flood areas or fortified their towns with stone towers to act as a water break allowing the flood waters to go around a town.\nJericho had such a stone tower giving the community the shape of a foot.\nPart of the ancient traditions in Judaism refer to worship of the \'foot\' similar structures that acquired a purely religious function when the flooding finally subsided.\n</p>\n<p>\nThis Day\'s end effect was the creation of the herbs, grasses and fruit trees.\nPlants could finally establish permanent residence on the plains and mankind began planting grains.\n</p>\n',3,'EvPsHZsgfk',6,'2020-05-22 16:46:04','2020-06-26 16:57:49',0),(14,'Day 4 Sun, Moon and Stars \'Lights in the Firmament\' ',1,'\n<p>\nVolcanic explosions rendered much of the 8th millennia with darken skies and subsequently cold temperatures.\nIt is difficult to imagine a 1,000 years of darken skies, but the research on the Little Ice Age shows that isolated eruptions of volcanoes can accumulatively affect the globe.\nThe expression \'Lights in the Firmament\' comes from the moon, planets and stars shining through the dust in the atmosphere.\n</p>\n',4,'jJysJe7VBb',6,'2020-05-22 16:46:04','2020-06-26 16:57:49',0),(15,'Day 5 Water and Air creatures ',1,'\n<p>\nAfter such flooding caused by the ice melt, the rivers and streams would have been washed clean.\nIn the middle of the reestablishment of fisheries, the 8.2K Event happened.  \nColder, drier conditions last for two to four hundred years.  \nThe dryer conditions would force aquatic fowl into an area with proper conditions.  \nThe dryness would reduce conditions needed for fish to establish themselves in the rivers and streams.\nEventually, the dryness diminishes and the fish return to the streams along with the birds that feed on them.\n</p>\n',5,'vMaT312SZS',6,'2020-05-22 16:46:05','2020-06-26 16:57:49',0),(16,'Day 6 Land creatures and Man ',1,'\n<p>\nEventually, animals return to the land after the stabilization of the surface waters. \nWith glaciers releasing water at random, animals would have no safety for reproduction or survival.\n</p>\n<p>\nThe domestication of animals has allowed man to expand in a manner never before seen in human history. \nAs man\'s awareness has grown over time, the dependency on livestock for food and labor has grown as well.\n</p>\n',6,'D2SukL9axS',6,'2020-05-22 16:46:06','2020-06-26 16:57:49',0),(17,'Day 7 The Lord Rested ',1,'\n<p>What comes to mind is that after a duration of time an explosion happened somewhere where everyone heard it.\nIt was decided that during that period of time nothing happened so \'God Rested\'.\nSuch events as isolated explosion would perhaps be dismissed as a local phenomena.\nExplosions that are heard by large groups would be interpreted as God speaking.\n</p>\n',7,'JjUx8ST8AK',6,'2020-05-22 16:46:06','2020-06-26 16:57:49',0),(18,'God Comes to visit ',1,'\n<p>\nWhat would really ancient person consider as a visit from God?  \nA volcano exploding with enough force to generate a sound heard around the world?\nAn impact event would also qualify as a visit from God.  \nFirst the bright streak across the sky.  \nThen an explosion generating a massive sound. \n</p>\n<p>\nTwo recent impacts were the Tunguska event and the Chelyabinsk meteor.  \nSuch an event is more a God smiting the wicked with the bang. \nIt is similar to a volcano going boom but possibly without the climate changes associated with the volcano. \n</p>\n<p>Another possibility for God coming to visit is a comet.  \nA large comet which is visible for a long period would seem to be on a collision course with the Earth.  \nThat it does not hit would be a merciful visit from God.\n</p>\n',8,'pVKqGMw3Th',6,'2020-05-22 16:46:07','2020-06-26 16:57:49',0),(19,'Cast out of Eden - Flooding of the Black Sea ',1,'\n<p>\nAt that time the Black sea area was truly Eden.\nLarge fresh water lake with gentle rolling hills.\nFour rivers flowing to the area proving a guide out of the area.\nHaving had several thousand years to adapt to the valley, it\'s loss would be a religious experience.\nThe Black Sea basin before the flooding by the sea was a paradise compared to other areas during the Holocene. \nFresh water with four river running into it providing trails leading out. \nThe plain would have been fertile with grass as well as marshes with birds, fish and other animals. \n</p>\n<p>\nDepending on the rate of rise of the wasters, one could find oneself at the edge of the new ocean with literally the cloths on ones back.\n</p>\n',10,'L7MLf6KtMn',6,'2020-05-22 16:46:07','2020-06-26 16:57:49',0),(20,'Eve\'s Apple ',1,'<p>\r\nOne of the questions that has always interested me is the question of Eve, the apple and the snake.  \r\nApple trees are an awesome source of food.\r\nIt can be dried.  \r\nImagine some women trying to harvest apples and running into snakes in the trees.  \r\nNot a desirable work condition.\r\n</p>\r\n<p>\r\nImagine that to remedy this, they cut branches to skirt the tree pointing downward so that a snake would fall back to earth trying to climb the tree.\r\nNow imagine some of the branches are apple and being stuck into the apple tree, they grew.\r\nNot something that those who grow beards and know things knew about.\r\n</p>',9,'a2cLXuSZ8w',6,'2020-05-22 16:46:07','2020-06-26 16:57:49',1),(21,'The Cause - The Nephilim ',1,'\n<p>\'These were the heroes that were of old, warriors of renown.\' Genesis 6:4\n</p>\n<p>The story of the Watchers/angles/sons of god mating with women of Men produced several problems.\n</p>\n<ul>\n<li>Watchers who would want to settle down with a family ignoring their obligation to Humanity.</li>\n<li>The issues of paternity of the children born to the women.</li>\n<li>Not all smart people reproduce that intelligence.</li>\n<li>Children born to Watcher would have their father\'s genetics and epigenetic history.</li>\n</ul>\n<p>The first issue is the issue of the Revolt.\nWatchers would have found ways to have children without having to have a family.\n</p>\n<p>Which is the second issue - whose child is it?\nIn Greece, the issue became that of Demigods.\nZeus fathered many children.\nSociety benefited.\n</p>\n<p>When the child became violent in behavior then the father was really Hades disguised as Zeus.\n</p>\n<p>\n</p>\n',1,'gPcbQVeT1y',7,'2020-05-22 16:46:08','2020-07-11 15:08:45',0),(22,'The Warning - God or a Watcher ',1,'\n<p>According to tradition, Noah was first informed of the impending flood by a Watcher and that Noah was fathered by a Watcher.\nWe can not know who Noah\'s real father was but it does show that during Noah\'s time, the Watchers where not celibate.\nNor was Noah the only one notified that something bad is about to happen.  \nMany Watchers came down to tell people everywhere.\nThe \'various\' Noah stories are not copies of a simple story but identical experiences in each culture.\nWhere a Watcher told people, someone listened.\n</p>\n',2,'SGFBvxDBxY',7,'2020-05-22 16:46:08','2020-07-11 15:08:45',0),(23,'Impact ',1,'<p>The location of the impact is in the Indian Ocean.\r\nThe best description of the events of what would follows from the impact come from a science fiction book \'Footfall\' by Larry Niven and Jerry Pournelle.\r\nThe book describe the fall of a large rock into the southern Indian Ocean just as with the Noah Impact event.\r\n</p>\r\n<p>The impact point was near the equator and would have created billions of tons of evaporated salt water.\r\nRain would have fallen as a deluge in the beginning changing to steady rain for at least 40 days as per the Bible.\r\nThe rain would have continued for weeks afterwards.\r\n</p>\r\n<p>The tsunami would have affected Australia, India, Southeast Asia, East Africa, the Red Sea, the Persian Gulf.\r\nIt would have generated a wave that would have traveled around the world affecting all coastlines.\r\n</p>\r\n<p>\r\nAround the Indian Ocean, all evidence of human existence would have disappeared.\r\n</p>',3,'cpXFWvHnfk',7,'2020-05-22 16:46:08','2020-07-11 15:08:45',0),(24,'Survival - Arks, Boxes and Logs ',1,'\n<p>One of the curious features of the Ark story is how it was on open waters for long period of time before the waters receded.  \nBuilding the Ark in a depression large enough that when filled with water appears to have no shore.  \nThe accumulated rain waters with a slow clearing basin become an instant ocean.\n</p><p>In Native American traditions, there is the story of \'Waynaboozhoo and the Great Flood\' from the Ojibwe people.\nIn this story, Waynaboozhoo creates a raft from twigs and logs giving the animals a change to survive.\n</p>\n',4,'4D6G7JsKnj',7,'2020-05-22 16:46:09','2020-07-11 15:08:45',0),(25,'Aftermath - Wine and Ham ',1,'<p>Wine\'s effects on Noah and Ham\'s response to those effects is a curious thing.  \r\nHaving \'seen\' his father\'s genitals, Ham does what?  Why would castration be an answer?\r\n</p><p>\r\nOne thing to consider is that the Flood was a massive disaster.\r\nNo one and nothing was spared except in the Ark.\r\nRebuilding a life after such an experience is daunting.  \r\nWhen survivors showed up and restarted civilization, the shock would have been even greater.\r\n</p><p>\r\nWine showing up at this point in the Bible and Noah consuming to excess are indicative of Wine\'s effects in grieving and loss.  \r\nPeople experiencing a loss of some soft frequently turn to alcohol to cope with the changes going on in their life and the majority return to a more normal consumption level.\r\n</p>',5,'gpXU088d3z',7,'2020-05-22 16:46:09','2020-07-11 15:08:45',0),(26,'Water damage at the Sphinx ',1,'<p>\r\nPart of the Orion Correlation Theory that we discussed in University in Stone chapter discusses the water damage to the Sphinx but does so in the assumption that they damage is due to the limited rainfall on the Giza plateau would take time to eventually wear down the stone around the Sphinx.</p><p>The downpour from Noah\'s impact would not create damage but the accumulated water from the surrounding area pouring into the complex would leave a trail.\r\nSince the Giza plateau did not have the pyramids, it would act as drainage plain funneling the water towards the Nile and the desert.\r\nDamage to the Sphinx itself would be limited to what is present.\r\nThe wind and sand would wear these signs down on both the Sphinx and its surrounding stone.\r\n</p>',6,'eYhs8q18Dv',7,'2020-05-22 16:46:10','2020-07-11 15:08:45',1),(27,'K8538 - Message from the past ',1,'\n<p>\nThe most interesting thing about the drought is what caused it was recorded on the K8538 tablet[[LHxs5qB5Kq]] .\nThis table was found in a library dated to around 660 BC.\nIt is a disk which is divided into 8 parts.\nEach part describes an approaching comet and the aftermath of its impact on Earth.\nThe impact is dated to 2,193 BC using the data on the disk to recreate the night skies that the comet travelled through.\n</p><p>\nThe impact created the Umm al Binni crater and created the Babylonian flood covering the cities of the lower Tigress and Euphrates rivers with mud.\nIt caused the destruction of two Sumerian cities.\nThis destruction caused people to create \'Mesopotamian city laments\' clay tablet describing their grief.\n</p>\n',1,'FNBU2Ub4ZX',8,'2020-05-22 16:46:10','2020-07-09 23:01:41',0),(28,'4.2 Kiloyear Event',1,'\n<p>\nThis event was the most severe aridification event in the Holocene.\nIt started the migration of peoples towards the Mediterranean Sea pressuring them to move south.  \nTheir environment dried up along with the rest of the Middle East and Asia. \nAt the very least, a civilization would send out scouting parties to see how extensive the climate downturn has become and where was not affected.\n</p>\n<p>A 180-km-long wall, the \'Repeller of the Amorites\', was built across central Mesopotamia to stem nomadic incursions to the south.\nThe northern plains of Mesopotamia were abandoned around 2,175 BC.\nThe northern plains of Mesopotamia were not resettled until around 1,900 BC.\n</p>\n',2,'tPUQTCCvB3',8,'2020-05-22 16:46:11','2020-07-09 23:01:41',0),(29,'The Greeks ',1,'\n<p>Who were the Greeks and how did the Sea People hide from history?\n</p>\n<p>\nThere are many theories about the appearance of the Sea People. \nOne believes peoples from the various islands of the Mediterranean becomes seafaring enmass.\nIndeed, archaeology from Sardinia has brought to light the existence of extensive ship building and usage from around the 18th century BC.\nHowever, the islands of the Mediterranean can not account for the various groups of Sea People.\n</p>\n<p>\nTexts at Medinet Habu indicate a large land movement of people.\nA large group of people would have moved down the Levant from either Anatolia, the Armenian Highlands or the Caucasus.\n</p>\n',3,'fbvZyLne5W',8,'2020-05-22 16:46:11','2020-07-09 23:01:41',0),(30,'The Sea People - Shadow Greeks ',1,'\n<p>The 4.2K Event set in motion many people moving to better lands.\nCollectively, the Sea People seem to be multiple groups of various cultures.\nThere was a similarity between the native Greeks and some of the Sea People since they seem to have shared a linguistic rooted language.\nDuring the Santorini eruption of 1,628 BC, some groups of Sea People took advantage of the tsunami damage to Southern Greece and moved to supplement the local population.\nThis resettlement eventually lead to the \'Dorian\' revolt around 1,260 BC.\n</p>\n',4,'ULuce3PMvC',8,'2020-05-22 16:46:12','2020-07-09 23:01:41',0),(31,'Working Backwards ',1,'<p>We have to make a couple of assumptions about Joseph.\r\nThe first is his age when he goes to Egypt.\r\nAnd second, when he died.\r\n</p>\r\n<div class=\"gtree\">\r\n  <ul>\r\n    <li>Terah 1,987 BC - 1,782 BC\r\n      <ul>\r\n        <li>Abraham 1,917 BC - 1,742 BC\r\n          <ul>\r\n            <li>Issac 1,817 BC - 1,637 BC\r\n              <ul>\r\n                <li>Jacob 1,757 BC - 1,610 BC\r\n                <ul>\r\n                  <li>Joseph 1,662 BC - 1,552 BC</li>\r\n                </ul>\r\n              </li></ul>\r\n          </li></ul>\r\n        </li>\r\n        <li> <ul>\r\n           <li>Lot 1,827 BC - 1,622 BC\r\n        </li></ul>\r\n        </li>\r\n      </ul>\r\n    </li>\r\n  </ul>\r\n</div>\r\n<div class=\"page-break\"></div>\r\n<p>The inconvenience of dates is this:\r\n</p>\r\n<ul>\r\n<li>Terah is 70 when Abraham is born.</li>\r\n<li>Abraham is 75 when he takes Lot, 15, to Canaan.</li>\r\n<li>Abraham is 100 years old when Issac was born.</li>\r\n<li>Abraham dies at 175</li>\r\n<li>Issac was 60 years old when Esau and Jacob were born.</li>\r\n<li>Issac was 180 when he died.</li>\r\n<li>Jacob was 130 years old when the 7 years of famine start after the eruption of Santorini in 1628 BC.</li>\r\n<li>Jacob dies in 1,610 BC and was 147 years old.</li>\r\n<li>Joseph was 38/39 when Jacob came to Egypt.</li>\r\n<li>Joseph dies in 1,552 BC and was 110 years old.</li>\r\n<li>Lot dies in 1,622 BC and was 205 years old.</li>\r\n<li>Abraham had died and Lot was alive at the time of the destruction of Sodom and Gomorrah.</li>\r\n</ul>\r\n<p>The result is a 290 year sequence between the birth of Abraham and the eruption of Santorini.  \r\nThe 290 year figure would also make sense in light of the 4.2 Kiloyear event.\r\n</p>\r\n<p>But not for the destruction of Sodom and Gomorrah.  \r\nIndeed, it appears that the story of Sodom and Gomorrah was dropped into the story of Abraham and Lot\'s adventures in Canaan and Egypt and there after.  \r\nThe story of Lot\'s capture and Abraham\'s response sounds real.\r\n</p>\r\n<p>Abraham\'s meeting with the three men.  \r\nThe going to Sodom by two of the \'men\', the conversation with the local people, the fleeting of the city all seem to have a difference feel in cadence.  \r\nI believe that the story of the destruction of Sodom and Gomorrah sound real as well.  \r\nJust not the people.\r\n</p>  \r\n<p>The 4.2K event drove many people from their lands.  One such family was to eventually create the Great Patriarchs.\r\n</p>',1,'KJEAqQ5V0F',9,'2020-05-22 16:46:13','2020-07-09 23:10:54',0),(32,'Joseph and the Egyptians ',1,'\n<p>The man who saved two civilizations.\nAs Vizier, Joseph had many powers.\nHis interpretation of the Pharaoh\'s dream helped him to create a buffer between the good years and the disaster that Santorini caused the globe when it erupted.\nThe settlement of the Semitic population from the Levant allowed Joseph to create warehouses of grain and other food supplies.\nWhen the famine hit, at least part of Egypt have supplied to aid others including those from outside the Nile valley.\n</p>\n',2,'Zpw8jbHcEA',9,'2020-05-22 16:46:13','2020-07-09 23:10:54',0),(33,'The 10 Plagues of Egypt ',1,'<p>﻿﻿We call these the 10 Plagues of Egypt because of the Bible. Many believe that the Ipuwer Papyrus describes the events of the Exodus thus validating the Bible. But the differences between what the Ipuwer Papyrus describes and the events happening on the ground shows that the document outlines the events around the time of the explosion of Santorini and the events listed below. The Ipuwer Papyrus describes an invasion of Egypt by Asiatics. The Hyksos where in fact invading Egypt from about 1,650 BC to 1,550 BC when they were expelled from Egypt.</p><p><b>Plague 1 - Water turned into blood, fish died</b></p>\r\n<p>\r\nThe redness in the Nile was caused by volcanic ash from Santorini/Thera which is found in the Nile region. \r\nThe silt would have make the Nile turn blood red, and would also render it undrinkable. \r\nHeavy rains in the red-soiled area of Lake Victoria could have caused reddened water to wash downstream.\r\n</p>\r\n<p><b>Plague 2 - Frogs</b></p>\r\n<p>\r\nAny blight on the water that killed fish also would have caused frogs to leave the river and probably die.\r\n</p>\r\n<p><b>Plagues 3 and 4 - Biting insects and flies</b></p>\r\n<p>\r\nThe lack of frogs in the river would have let insect populations, normally kept in check by the frogs, increase massively.\r\n</p>\r\n<p><b>Plagues 5 and 6 - Livestock disease and boils</b></p>\r\n<p>\r\nThere are biting flies in the region which transmit livestock diseases; a sudden increase in their number could spark epidemics.\r\n</p>\r\n<p><b>Plague 7 - Fiery hail</b></p>\r\n<p>\r\nVolcanic activity not only brings with it ash, but brimstone, and also alters the weather system, occasionally producing hail. \r\nHail could also have occurred as a completely independent natural weather event, with accompanying lightning as the \'fire\'.\r\n</p>\r\n<p><b>Plague 8 - Locusts</b></p>\r\n<p>\r\nThe weight of hail will destroy most crops, leaving several insects and other animals without a normal food source. \r\nThe remaining crops therefore would become targeted heavily, and thus be destroyed by swarms of locusts which would otherwise be distributed rather thinly. \r\nOr the locusts could have increased because of a lack of predators. \r\nEven without these explanations, swarms of locusts are not uncommon today.\r\n</p>\r\n<p><b>Plague 9 - Darkness</b></p>\r\n<p>\r\nThere could be several causes for unusual darkness: a solar eclipse, a sandstorm, volcanic ash, or simply swarms of locusts large enough to block out the sun.\r\n</p>\r\n<p><b>Plague 10 - Death of the firstborn</b></p>\r\n<p>\r\nIf the last plague indeed selectively tended to affect the firstborn, it could be due to food polluted during the time of darkness, either by locusts or by the black mold Cladosporium. \r\nWhen people emerged after the darkness, the firstborn would be given priority, as was usual, and would consequently be more likely to be affected by any toxin or disease carried by the food. \r\nMeanwhile, the Israelites ate food prepared and eaten very quickly which would have made it less likely to be infected.\r\n</p>',6,'DPpLZBaPTH',9,'2020-05-22 16:46:15','2020-07-15 16:12:58',0),(34,'A group of Sea People takes over part of Greece ',1,'<p>The repeated earthquakes and tsunamis from Santorini would have reduces the livability of the isles and land west of Santorini.  \r\nAfter the eruption of Santorini, the availability of the lands of Greece affected by the tsunamis would increase phenomenally.  \r\nThere would be a pause before the invasion/re-habitation due to the uncertainty of another tsunami.</p><p>That a group of Sea People could have moved in with organized people and supplies not replacing the survivors, filling in the missing places in local society.\r\nEventually, people migrating would have begun filling the gaps in the islands and landscapes.  \r\nThis event sets up for the \'Dorian Invasion\' during the Bronze Age Collapse.</p>',7,'VFjBhs8ask',9,'2020-05-22 16:46:15','2020-07-15 16:12:58',0),(35,'The Issue of Glass ',1,'<p>Dr. Collins found large quantities of glass in the area surrounding the Tell.  \r\nSpecifically, trinitite like glass.  \r\nThis type of glass is created during the explosion of an atomic bomb.\r\nThe first atomic explosion was called Trinity. \r\nWhen the area was examined after the explosion, the glass was discovered.\r\n</p>\r\n<p>\r\nThere are several possible explanation for the glass.\r\n</p>\r\n<ul>\r\n<li>Someone dropped an atomic bomb on Sodom.</li>\r\n<li>An atmospheric explosion of a meteor or comet.</li>\r\n<li>Ancient aliens</li>\r\n<li>A pyrolytic bomb from Santorini exploded over the area.</li>\r\n</ul>',10,'8aXXPgWxFG',9,'2020-05-22 16:46:16','2020-07-15 16:21:24',0),(36,'The Issue of Hospitality ',1,'\n<p>The behavior of the men in Sodom in the Bible is geared towards the Sodom was a place of Sin.\nThis assertion may have been an addition to justify God\'s actions.\nGiven that the \'Angles\' that arrived to talk with Lot where Watchers, it is understandable that the men of the town would want to talk with then about the world.\nThis desire for more information may have been based on the observation of the fall out from Santorini.\n</p>\n<p>\nThe curious thing about this exchange is that there does not appear to be a king present.  \nIndeed the men act as Athenians newly minted with Democracy supporting the removal/collapse of the king when Lot was kidnapped.\n</p>\n',11,'CGZjtkZRSr',9,'2020-05-22 16:46:16','2020-07-15 16:21:24',0),(37,'The Timing ',1,'\n<p>\nThis is an interesting event since it involves both Abraham and Lot.  \nThe support for Lot\'s existence at the time of the event is clear from the genealogy that I have created above.\nAbraham\'s involvement seems to be a back write to generate justification for the event.  \nIt is curious that in the conversations with the three visitors that Abraham is not awed by them.\n</p>\n<p>For the Watchers to have been in the Levant and went to Sodom to warn Lot indicates that either the Watchers were there all along and had communications with the Watchers in Anatolia.\nWith the initial eruption of Santorini, the fallout fell in Anatolia.\nIt would be natural for the Watchers to observe the function of a volcano since they have at this point at least 6 to 8 thousand years of experience with volcano in the Middle East and Europe.\n</p>\n',12,'xsgS6Kstjw',9,'2020-05-22 16:46:16','2020-07-15 16:21:24',0),(38,'Genesis 19:24 - \'rained down burning sulfur...\' ',1,'\n<p>The fallout from the explosion of Santorini fell directionally in an arc downwind from the volcano.\nThe fall out would contain volcanic gases and sulfur would be a major component.\nLot\'s wife being turned to salt could be a result of the intensity of the explosion.\n</p>\n<p>One question of does the chemical signature of the glass found at Tall el-Hammam match the chemical signature of Santorini/Thera.\nThe soil should hold a match to Santorini from the fallout. \nThe glass should also hold the same elements.\nIf not then the explosion that created it happened at a different time.\n</p>\n',13,'K3e9aqVPJ2',9,'2020-05-22 16:46:16','2020-07-15 16:21:24',0),(39,'Exodus ',1,'<p>\r\nResearch has shown that there were two Exodus episodes.  \r\nThe first due to the plagues of Egypt eruption of Santorini and the second during the expulsion of the Hyksos in the 1200\'s BC..\r\n</p>\r\n<p>When the plague showed up in the Middle East, it appears to have followed what happened during the Justian plague \r\nand that is infect the Middle East first.  Specifically the communities closest to the Red Sea.  Jericho being among those cities affected.\r\n</p>\r\n<p>The fact of the infection of Jericho and what would have been the smoke from the Kaali Meteor Impact bring a \'Three Day of Darkness\' effect towards the end of the 10 Plagues of Egypt, Moses started the first Exodus.\r\n</p>\r\n<p>This Exodus occurred with in the background of the expulsion of the Hyksos from Egypt which occurred around 1,550 BC.  \r\nThis Exodus was uneventful, a direct wandering towards Jerico and the plague.\r\n</p>\r\n',0,'uDLRuu5FJU',12,'2020-05-22 16:46:18','2020-06-17 15:49:23',0),(41,'Period of the Judges ',1,'\n<p>The period of the Judges is important for defining a age guestimate for Joshua.  \nHis passing of the torch to the Judges sets the time period for his death.\n</p>\n<p>The ending of the period of the Judges is murky but seems to be defined by the establishment of the nation-states in the Levant by the Egypt.\nOn the defeat of the Sea People, the Pharaoh could not ignore that the number of people involved was greater than what Egypt could handle.\n</p>\n',2,'75DQxdqypZ',12,'2020-05-22 16:46:19','2020-05-22 16:46:19',0),(42,'Trojan War ',1,'\n<p>One of the questions of Bronze Age Collapse is the motives the Trojans and their allies in abducting/supporting Helen.\nI find it interesting that date range for this event borders the Mycenae sacking of the places.\nI wonder if the real reason for the Trojan was was that Troy was the force that sacked various sites in Greece.\nNot all at once as the sites in Greece show a dispersion of date of destruction.\n</p>\n<p>\nApollo his association with mice and their carrying of plague was noted in the Iliad.  \nThat such an association should be stated so clearly indicated along standing understanding of causes of disease.\n</p>\n<p>\n</p>\n',0,'UtAb461emx',13,'2020-05-22 16:46:19','2020-05-22 16:46:19',0),(43,'Mycenae ',1,'\n<p>The sacking of the palaces in 1,260 BC was an event that could either be an uprising by the Greeks who where there before the group of Sea\nPeople took over around 1,600 BC or another group such as the Trojans.  \n</p>\n<p>\nA second sacking was initiated by external forces and taken advantage of by the \'Dorian\' people.\nBeing already present as the underclass of Mycenae, the \'Dorian\' Greeks rose up and retook their lands.\nThis was made possible by the devastation caused by the Trojan war.\n</p>\n',1,'1sP6VBQBZp',13,'2020-05-22 16:46:20','2020-05-22 16:46:20',0),(44,'The Sea People ',1,'<p>\r\nThe Sea People are believed to be from the various islands of the Mediterranean.  \r\nAnother possibility is that they came from the areas of the Black sea and possibly further.  \r\nThis could explain the fact that they all seemed to have some form of Greek-ness. They were eventually settled in Canaan.</p>\r\n<p>The story of Jason and the Argonauts seems to be a tale of people who came from another area trying to revisit their homelands.\r\nThe classical explanation of this story is that they went voyaging into the waterway of the Balkan states.\r\nSuggestions have been made that this voyage went into the Caspian sea by portage between the rivers that feed both seas.\r\n</p>\r\n<table>\r\n<tbody><tr>\r\n  <th>Sea People</th>\r\n  <th>First Appeared</th>\r\n  <th>Disposition</th>\r\n  <th>Origin</th>\r\n  <th>Alt. Name</th>\r\n</tr>\r\n<tr><td>Denyen</td>   <td>1150 BC</td><td>Canaan</td><td></td><td>Tribe of Dan</td></tr>\r\n<tr><td>Ekwesh</td>   <td>1200 BC</td><td></td><td></td><td>Mycenaean Greeks</td></tr>\r\n<tr><td>Lukka</td>    <td>2000/1700 BC</td><td></td><td></td><td>Lydian Greeks</td></tr>\r\n<tr><td>Peleset</td>  <td>1150 BC</td><td>Canaan</td><td></td><td>Philistines</td></tr>\r\n<tr>\r\n  <td>Shekelesh</td>\r\n  <td>1200 BC</td>\r\n  <td>Sicels</td>\r\n  <td>\r\n  </td><td>\r\n</td></tr>\r\n<tr><td>Sherden</td>  <td>1210 BC</td><td>Canaan</td><td>Sardinia</td><td>Sardinians</td></tr>\r\n<tr><td>Teresh</td>   <td>1200 BC</td><td>Italy</td><td>Lydian Greeks</td><td>Tyrrhenians</td></tr>\r\n<tr><td>Tjeker</td>   <td>1150 BC</td><td>Canaan</td><td></td><td></td></tr>\r\n<tr><td>Weshesh</td>  <td>1150 BC</td><td>Canaan</td><td></td><td>Tribe of Ash</td></tr>\r\n</tbody></table>',2,'qnrXnjvG0a',13,'2020-05-22 16:46:20','2020-07-16 14:26:26',0),(45,'Greek Dark Ages ',1,'<p>After sacking Troy, the Greeks went journeying across the eastern Mediterranean.\r\nThey acted a hired muscle for both the Hittites and the Egyptians.\r\nSuch exploits became part of the collective folk lore of Greece and Homer eventually put it all together in the Iliad and Odyssey.\r\n</p>\r\n<p>Perhaps the more important thing that happened is the environmental downturn that happened between 1,159 BC and 1,141 BC.\r\nThis downturn would have significantly impacted people due to the prolonged shortage of food.\r\nThis is the type of famine which begins to equate to an epidemic.\r\n</p>',3,'GL5WVcCGFQ',13,'2020-05-22 16:46:22','2020-05-26 19:13:57',0),(46,'The Cult of Orpheus',1,'\n<p>\nThe Cult of Orpheus harkens back to the Pyramid texts found in Egypt.\nOrpheus is believed to have studied in Egypt.\n</p>\n',5,'nsd9N3kfXX',13,'2020-05-22 16:46:23','2020-07-09 18:16:52',0),(48,'The Rebellion ',1,'\n<p>The difficulty is determining when the rebellion occurred.\nIndeed Noah\'s flood was to end all the decedents of the Watchers and human women.\nYet, the flood did not kill and the descendants of the Watchers.\nAt least one survived.\n</p><p>\nGiven that the rebellion lists more that a dozen angles, I am incline to say Sumar was the recipient of their knowledge.\nThe root culture of Sumer seems to come from India and would not have had the baggage that other cultures in the Middle East would have had towards the Watchers. \nIt is of course possible that this rebellion happened more than one time with the story of Enoch simply an amalgamation of various stories into one as the Bible writers were want to do.\n</p><p>\nCuriously, there is a tradition that Mount Hermon on the border between Lebanon and Syria that the oath that the fallen watchers was sworn.\nThe highest temple in the ancient world known as Qasr Antar had a limestone stele that was translated to say \'According to the command of the greatest a(nd) Holy God, those who take an oath (proceed) from here.\'.\nSuch a statement using the phrase \'greatest a(nd) Holy God\' does not seem like the oath that the watchers would have used.\nIt does raise questions as to who and what oath is mentioned especially in light of the nickname for the mountain as the \'mountain of oath\'\nPerhaps it was here that newly christened watchers took their oath and began their journey to where they would serve.\n</p>\n',0,'zANssQus6z',15,'2020-05-22 16:46:24','2020-05-22 16:46:24',0),(49,'The Issue of Numbers ',1,'\n<p>Increasing population had brought a significant number of men for the Watch.\nEnoch\'s story of the Watchers/angles/sons of god was just that a rebellion of individuals who traditionally were solitary due to lack of population.  \nAs population increased, the Watchers moved into the towns to work by creating a building with high wall that lean outwards to reflect the light from fires upward.\nThe building had two large platforms at the bottom and no roof.\nWith this development, a Watcher could live anywhere after an initial instruction in what to do and how.\nI believe that the first buildings created by the Watchers where the towers in town such as Jerico.\n</p>\n',1,'L96d42MKAT',15,'2020-05-22 16:46:24','2020-05-22 16:46:24',0),(50,'The Fall of Greece ',1,'\n<p>With the fall of the city-states in Greece, the places where a free exchange of ideas fell as well.\nGreece standing at the crossroads between Europe and Asia Minor has a history of transitory people. \nFrom the people with Aegean roots with Anatolian farming techniques in 6,000 BC to the waves of people coming down from Europe during droughts, Greece has been a country of change.\n</p><p>\nGreece is interesting because of the story of Olympus where the Gods reside.\nThe legions of the demi-gods which sounds like the Nephilim.\nThe story of Hercules illustrates the dangers of the Watchers and their offspring.\n</p>\n',2,'qvBdQaHQm8',15,'2020-05-22 16:46:24','2020-05-22 16:46:24',0),(51,'The Threat of Rome ',1,'\n<p>Rome had a way of making everything Roman.  \nThe threat of the possible take over of the Watchers would have caused them to seeks lands where their ability to discuss and associate freely were unimpaired.\nRome had been controlling not only who could be citizens but who could visit as well.\nWhen Rome destroyed the second temple in Jerusalem, the diaspora that they created carried the Watchers along with the rest of the people as they had been embedded in society by using special buildings.\nThis diaspora would have spread the Watchers world-wide.\n</p>\n',3,'SqWMFvhFdx',15,'2020-05-22 16:46:24','2020-05-22 16:46:24',0),(52,'The Transfer of Knowledge ',1,'\n<p>Around 300 BC, Mayan cultural exploded with written script, astronomy and architecture.\nThis explosion was based on the Mayan\'s base 20 math system.\n</p>\n<p>The Watchers would have known of the existence of the Americas from the exploration crews sent out over the millennia.\nEach wave of Watchers exploring the world would have gone to an edge and then returned with their knowledge.\nThis slow collection would have enabled then to plan for future expansion and if necessary, escape to freer lands.\n</p>\n',4,'gg0xU2H1M3',15,'2020-05-22 16:46:24','2020-05-22 16:46:24',0),(53,'Volcanic Events ',1,'\n<p>When volcanoes erupt, they are grade on what is called the Volcanic Explosivity Index.  \nThis is a scale from 1 to 8.  An eruption of 6 or above is going to significantly effect the climate for a few years.\n</p><p>\nThe eruption which create the Year without a Summer (1815 - Tambora) was a 7 on the VEI.</p>\n<p>A partial list of eruptions during the Holocene:\n</p>\n',0,'ZN5VgkG0xQ',20,'2020-05-22 16:47:52','2020-05-22 16:47:52',0),(54,'Impact Events ',1,'\n<p>The frequency of impact events is inconclusive as to how often a history changer occurs.  \nThe climate effects comes from the impact ejaculate being blown into the atmosphere as if it were a volcanic event.\n</p><p>\nA potential measure would be the check the ammonia levels in the ice core caps to determine if there is a relationship to impact events and high levels.  \nThe level of the 535 impact event was the second highest of the last 2,000 year in the Greenland ice cores.  The highest in that time frame was at 1014 AD.\n</p>\n<p>A partial list of impact events for the Holocene:\n</p>\n',1,'LNn1rhjc2X',20,'2020-05-22 16:47:57','2020-05-22 16:47:57',0),(55,'Examining the Planet',1,'<p>As Gobkli Tepe changed with the progression of the Stars, a new location needed to be found. One of the first things done by the People is they sent out groups of people to examine the world.</p>\r\n<p>Planet wide, archaeologists have found stories of visitors around specific events and times in the past. In some places, the genes if not an actual visitor from a non-local region where found. I believe that there were several such fanouts: 8,000 BC, 7,000 BC and 6,000 BC. The 8,000 BC was evidenced in Stonehenge when test holes were found dating to around 8,100 BC. The 7,000 BC was evidenced by the appearance of Grapes in the middle east which could be used for wine production. The 6,000 BC is suggested by the Orion\'s Belts at Nabta Playa</p><p>.It is not inconceivable that pairs of old and younger \"Seekers\" went into the wilderness.  Knowledge of Stonehenge was acquired during the first waves of seekers. When the older reached their end, the would either instruct the younger to carry on and report or simply return and report where they got to when the elder died.</p>',10,NULL,4,'2020-05-22 18:27:48','2020-06-18 13:42:05',0),(56,'Egypt - the Prodigal Son',1,'<p>With the drying of the Sahara, all efforts to observe the skies moved to the Nile valley region especially Nekhen and Heliopolis. Heliopolis being the center of religious activity in the time of the Old Kingdom of Egypt.</p>\r\n<p>The eventual move of the Ben-Ben stone to Heliopolis from the Nabta Playa area closed the use of the depression for good. It is mentioned in the pyramid texts with a description of the dimpled stone being found along one of the sightings lines. This moving of the stone was done during the rainfall of Noah\'s Impact. This would have been the only time that travel to Naba Playa would have been possible. During normal times, a traveller must carry water to travel to the depression. During the fallout from Noah\'s Impact, the would have been a constant drizzle falling which could be collected to water people and animals.</p>\r\n<p>The appearance of Imhotep and his work on the pyramids where he laid out the eventual plans for the Great Pyramids. Imhotep\'s singular legacy was the logistics and technology of the internal ramp developed on the step pyramids. Jean-Pierre Houdin\'s \"internal ramp\" hypothesis﻿ has many intensely involved.  While the official story is that the ramp does not exist, the evidence mounts.</p><p>If we follow what has been said about Imhotep, then the following items were completed before the beginning of the construction of the Pyramids.</p><p></p><ul><li>Limestone facing</li><li>Raising food for workers</li><li>Warehouses for worker food and supplies</li><li>Logistics for food delivery</li><li>Logistics for stone delivery</li><li>Plans for taxation which do not cripple the economy</li></ul><p></p>\r\n<p>The Great Pyramids was laid out in an Orion\'s Belt fashion but dated 10,900 BC. The pyramids are by their size, the greatest of the ancient monuments.</p>',5,NULL,5,'2020-05-24 15:04:44','2020-07-05 17:14:55',0),(57,'Pyramid Texts',1,'<p>The texts are located in the pyramids of the Fourth and Fifth dynasties of Egypt. They present Egyptian heaven as a marsh land and reflect the soul of the departed into the night\'s sky over such a heaven.</p><p>Susan Brind Morrow[[dGgKUsXtCP]] in \'The Dawning Moon of the Mind: Unlocking the Pyramid Texts\' presents the texts as religious poem reflecting the beginning of Egyptian thought and religion.</p><p>Many of the passages of the story harken to a place such as Nabta Playa where the eastern horizon is unencumbered by obstacles especially fires. I believe that the text was created during the expedition to bring back the Benben stone. The only time that the depression would have been filled as a lake would have been Noah\'s Flood. Crossing the desert carrying water is cost prohibited at any time so water had to have been there for the expedition to be made.</p><p>The people on the expedition would have had stories as to the sequence of events starting with the filling of the rain, the rain\'s eventual evaporation and what would be left. The stories of how the Benben stone emerge from the muddy waters would have been seen and would have filled any poetic mind with song.</p>',4,NULL,5,'2020-05-26 18:36:01','2020-06-26 01:36:05',1),(59,'Battle of Jericho',0,'<p>The \'Battle of Jericho\' can be viewed as a cleansing of disease, specifically the plague.  \r\nBy the killing of every man, woman and child, the human vector of a disease dies.  \r\nThe elaborate cleanse after the battle is more in line with self-quarantine with the cleaning and waiting for a disease vector to take effect.\r\n</p>\r\n<p>This event also brings up dates of inconvenience.  \r\nMoses living to 120 year old had the experience and readiness of Joshua who lived to 110 years old.  \r\nThey were together during the Exodus and afterward in the desert.\r\n</p>\r\n<p>Yet, they had to cleanse Jerico. \r\n</p>',1,NULL,12,'2020-06-17 15:47:25','2020-06-17 15:49:01',0),(60,'Pyramid Texts Revisited',1,'<p>The aftermath of the Impact created a favorable environment for explorations to Nabta Playa. Water would need to be carried by water from the atmospheric moisture would aid the expedition with soil that is not a yielding as sand is. Carrying water is the singular problem in the desert.</p>\r\n<p>During this period, an expedition was sent to Nabta Playa to retrieve the Benben Stone.</p>\r\n<p>During the expedition, the intermesh of old stories of the place, myths and the language of the desert boarding the sky would have provided a fertile ground for the creation of a Creation Myth. With the ephemeral existence of the environment at Nabta Playa, the emotions would prevail at a keeing level.</p>',7,NULL,7,'2020-06-24 15:59:20','2020-07-11 15:08:45',0),(61,'Bagnold\'s Stone Circle',0,'<p>A stone circle in the Libyan desert. It shows damage due to water.</p><p>The age of the circle has not been determined, but the damage due to water seems to indicate a date at least as old as the region that the circle is found in.</p><p>The similarity to the circle at Nabta Playa seems to indicate that the lunar calendar of the seasons matched with deep astrological knowledge at the basin.</p>',2,NULL,5,'2020-06-24 16:07:56','2020-06-26 14:08:52',1),(62,'Warren Fields - Calendar of the Moon',1,'<p>Warren Field is the oldest calendar in the world. It is near Crathes Castle, in the Aberdeenshire region of Scotland, in the United Kingdom.﻿</p><p>The various lunar calendars follow the mysterious Bagnold\'s Stone Circle, the calendar circle at Nabta Playa, the stone pins at Almendres, Portugal, all are examples of the investigation of earth/moon interaction.</p><p>The lunar calendar does not deal with procession as the solar calendar must.</p>',0,NULL,5,'2020-06-24 19:26:31','2020-06-26 14:11:35',1),(63,'Dogs',1,'<p>Dogs seem to have been domesticated by man twice. A western version and an eastern version. By 4,400 BC the eastern version was to only dog remaining.</p>',0,NULL,3,'2020-06-26 01:33:51','2020-06-28 20:23:43',1),(64,'Egyptian Mathematical Papyri',1,'<p>The exist today several papyruses relating to mathematics and the Egyptian world.</p>\r\n<ul>\r\n<li>Moscow Mathematical Papyrus</li>\r\n<li>Lahun Mathematical Papyri</li>\r\n<li>Egyptian Mathematical Leather Roll</li>\r\n</ul>\r\n<p></p>',6,NULL,5,'2020-06-26 01:40:54','2020-06-26 14:04:27',1),(65,'Bible Version',1,'The version of the bible used here is the New International Version (NIV). It is clear and accurate. This is an issue as there exists an English Language version of the Bible altered to say that Mary was raped. The original Aramaic says no such thing.',0,NULL,6,'2020-06-26 16:57:35','2020-06-28 15:00:28',1),(66,'Younger Dryas',1,'The Younger Dryas is named after a tiny flower which appeared in various areas during the cold period. It is named after an indicator genus, the alpine-tundra wildflower Dryas octopetala.&nbsp; Its leaves are occasionally abundant in late glacial, often minerogenic-rich sediments, such as the lake sediments of Scandinavia.',3,NULL,3,'2020-06-30 16:46:42','2020-06-30 16:47:03',1),(67,'Destruction of Sodom and Gomorrah ',1,'<p>Santorini/Thera had two minor eruptions before exploding.  The first eruption cast a plume trace to the northeast of the \r\nMediterranean.  Traces of the plume have been found in Turkey and parts of Lebanon.  The second eruption was towards the\r\nsouth east over the land of Israel.  Abraham  in the plains of Mamre would have seen the first eruption as something \r\ndivine and safe as no fallout from the plume reached his location.  The intervening months between the first and second\r\neruptions would have allowed time for news of the destruction caused by the fallout of the first explosion to filter to \r\nAbraham.\r\n</p>\r\n<p>When the second eruption occurred and the plume came overhead, Abraham was visited by people who survived the first plume.\r\nThese survivors were surely angles having survived by being on God\'s side.  They sought to warm Lot, his family and friends\r\nthat the fallout from the plume could destroy them.  Who or what the angles sent to Lot in Sodom is unknowable.\r\nThere effect on the crowd at Sodom seems real enough.  If something or someone is brought to the city with knowledge\r\nof what is happening with the eruption plume overhead would be very sought after. Unless that city is one where they chop\r\nyou to pieces if you speak bad of the city.  Predicting Doom would be bad so Lot tired to protect them.\r\n</p>\r\n<p>\r\nSteven Collins\' work at Tall el-Hammam in Jordon has shown that the city he found matches the description of Sodom\r\nas defined in the Bible.  During the work of excavation, large quantities of glass where found that resemble Trinitite\r\nindicating a very hot explosion.  That the glass was located in a area covering Tall el-Hammam suggests to me a \r\nvolcanic cinder bomb not cooling correctly as it comes down resulting in a superheated explosion on a limited scale.\r\n</p>',8,NULL,9,'2020-07-09 18:05:53','2020-07-15 16:12:58',0),(68,'1,628 BC - Santorini - an Inconvenient Event ',1,'<p>This single event has influenced history and religion than any other.  \r\nThe explosion that came when Santorini/Thera finally blew.  \r\nDuring the set of eruptions, the eruption plumb was towards the northeast.\r\n</p>\r\n<p>The second set of eruptions was toward the southeast over the Dead sea and Egypt.  \r\n</p>\r\n<ul>\r\n<li>The 10 Plagues of Egypt are in fact events resulting from the explosion. </li>\r\n<li>The occupation of mainland Greece by the Ekwesh Sea Peoples in 1,600 BC replacing those peoples destroyed by the tsunamis from Santorini.﻿</li><li>The destruction of Sodom and Gomorrah by a pyrolytic bomb spit out by the eruption.</li></ul><ul>\r\n</ul>\r\n<p>These events bring into question the begets of the Bible and when did a particular individual exist.  \r\nThe 10 Plagues set in motion the Exodus according to the Bible, yet research is pointing to Moses being born after the Plagues and before the Exodus.</p><p>It is not clear as to when the Israelites left Egypt after the Plagues.  \r\nThe first objective event after the wandering in Desert is the Battle of Jericho after the Exodus.\r\nThis event again proves inconvenient.  \r\nIt has been dated to between 1,600 BC and 1,500 BC while the best date I can find for Moses is 1,572 BC - 1,451 BC.</p>',4,NULL,9,'2020-07-09 18:11:06','2020-07-15 01:32:03',0),(69,'Mystery Plays and the Revival of Ancient Religions ',NULL,'\n<p>\nThe Mystery Plays of the Greeks are a major ethical and religious stream of consciousness in the Western Civilization.\nYet the origin of these plays are a mystery.\nThey have no prior works in Greece that hold any pattern to what was written during the 6th century BC.\nIt has been argued that Greece\'s philosophical heritage came from Egypt during the 7th century BC.\nIndeed Plato\'s ancestor Solon went to Egypt and returned with the story of Atlantis.\n</p>\n',4,NULL,13,'2020-07-09 18:16:52','2020-07-09 18:16:52',0),(70,'Umm al Bini',0,'<p>The discovery of Umm al Bini was a fluke of war. Sadam Hussine had drained the great lake that sat atop the crater exposing it to satellite photography.</p><p>I call this the Cause of the Confusion of Civilization as there are two floods in this region. Noah\'s flood a thousand year before and now the Babylonian flood.</p><p>This flood was not as world wide as Noah\'s but left a distinct mark in history. In the digs in Iraq, there is a layer of mud over remains. The area of Umm al Bini would have been ocean estuary in 2,300BC\'s so the impact was more a mud spatter than a real water impact. Tree ring dating places this event at 2,354 BC with a 9 year window of cold weather.</p>',0,NULL,8,'2020-07-09 23:01:19','2020-07-09 23:01:41',1),(71,'Inconvenient Dates',0,'<p>Inconvenient dates refer to dates which can not be verified. The dates for the peoples of the Bible are particularly hard to interpret. The dates here are based on the eruption of Santorini and are \"squashy\" in that they could change if more evidence shows that the eruption occurred later or sooner that thought.</p><p>Here our dates are based on a physical event and an analysis of the Bible and Joseph. The main idea is that the seven years of darkness and famine as dreamed by the pharaoh is the aftermath of Santorini\'s eruption. This allows us to define a window in which Joseph would have been in Egypt.</p>',0,NULL,9,'2020-07-09 23:10:43','2020-07-09 23:10:54',1),(72,'Floods',1,'<p>Mega floods are different creatures. According to tradition several flood have been experienced.&nbsp; Mostly local or regional but not global.&nbsp; Noah\'s flood is different in that it was experienced regionally very extremely and globally with massive rains.</p><p><ul><li>Younger Dryas Mega flood</li><li>Flooding of regions on the plains by Greece</li><li>Kicked out of Eden - Flooding of the Black Sea</li><li>Noah\'s Flood</li><li>Babylonian Flood of Gilgamesh</li></ul></p>',0,NULL,7,'2020-07-11 15:08:35','2020-07-13 23:03:55',1),(73,'Volcano vs. Caldera',1,'<p>A volcano is a rupture in the crust of the Earth or other massive planetary body. It has a magma chamber beneath it. Where the magma chamber meets the exist to the surface is called the mouth. A Caldera is when the volcano collapses into the magma chamber at the mouth.</p>',3,NULL,9,'2020-07-15 01:30:49','2020-07-15 22:41:49',1),(74,'Ipuwer Papyrus',0,'Ipuwer Papyrus is a papyrus which describes invasion by Asiatics and rivers of blood.&nbsp; It is used by many for the Exodus IIt is better suited to describe the aftermath of Santorini\'s eruption.',5,NULL,9,'2020-07-15 16:12:40','2020-07-15 22:41:20',1),(75,'Trinitite',1,'Trinitite is the glassy residue left on the desert floor after the plutonium-based Trinity nuclear bomb test on July 16, 1945, near Alamogordo, New Mexico.',9,NULL,9,'2020-07-15 16:21:13','2020-07-15 16:21:24',1);
/*!40000 ALTER TABLE `sections` ENABLE KEYS */;
UNLOCK TABLES;

--
-- Table structure for table `signets`
--

DROP TABLE IF EXISTS `signets`;
/*!40101 SET @saved_cs_client     = @@character_set_client */;
/*!40101 SET character_set_client = utf8 */;
CREATE TABLE `signets` (
  `id` bigint(20) NOT NULL AUTO_INCREMENT,
  `color` varchar(255) COLLATE utf8mb4_unicode_ci DEFAULT NULL,
  `message` varchar(255) COLLATE utf8mb4_unicode_ci DEFAULT NULL,
  `sigged_type` varchar(255) COLLATE utf8mb4_unicode_ci DEFAULT NULL,
  `sigged_id` int(11) DEFAULT NULL,
  `created_at` datetime(6) NOT NULL,
  `updated_at` datetime(6) NOT NULL,
  PRIMARY KEY (`id`)
) ENGINE=InnoDB DEFAULT CHARSET=utf8mb4 COLLATE=utf8mb4_unicode_ci;
/*!40101 SET character_set_client = @saved_cs_client */;

--
-- Dumping data for table `signets`
--

LOCK TABLES `signets` WRITE;
/*!40000 ALTER TABLE `signets` DISABLE KEYS */;
/*!40000 ALTER TABLE `signets` ENABLE KEYS */;
UNLOCK TABLES;

--
-- Table structure for table `taggings`
--

DROP TABLE IF EXISTS `taggings`;
/*!40101 SET @saved_cs_client     = @@character_set_client */;
/*!40101 SET character_set_client = utf8 */;
CREATE TABLE `taggings` (
  `id` int(11) NOT NULL AUTO_INCREMENT,
  `tag_id` int(11) DEFAULT NULL,
  `taggable_type` varchar(255) COLLATE utf8mb4_unicode_ci DEFAULT NULL,
  `taggable_id` int(11) DEFAULT NULL,
  `tagger_type` varchar(255) COLLATE utf8mb4_unicode_ci DEFAULT NULL,
  `tagger_id` int(11) DEFAULT NULL,
  `context` varchar(128) COLLATE utf8mb4_unicode_ci DEFAULT NULL,
  `created_at` datetime DEFAULT NULL,
  PRIMARY KEY (`id`),
  UNIQUE KEY `taggings_idx` (`tag_id`,`taggable_id`,`taggable_type`,`context`,`tagger_id`,`tagger_type`),
  KEY `index_taggings_on_context` (`context`),
  KEY `index_taggings_on_tag_id` (`tag_id`),
  KEY `index_taggings_on_taggable_id_and_taggable_type_and_context` (`taggable_id`,`taggable_type`,`context`),
  KEY `taggings_idy` (`taggable_id`,`taggable_type`,`tagger_id`,`context`),
  KEY `index_taggings_on_taggable_id` (`taggable_id`),
  KEY `index_taggings_on_taggable_type` (`taggable_type`),
  KEY `index_taggings_on_tagger_id_and_tagger_type` (`tagger_id`,`tagger_type`),
  KEY `index_taggings_on_tagger_id` (`tagger_id`)
) ENGINE=InnoDB AUTO_INCREMENT=482 DEFAULT CHARSET=utf8mb4 COLLATE=utf8mb4_unicode_ci;
/*!40101 SET character_set_client = @saved_cs_client */;

--
-- Dumping data for table `taggings`
--

LOCK TABLES `taggings` WRITE;
/*!40000 ALTER TABLE `taggings` DISABLE KEYS */;
INSERT INTO `taggings` VALUES (1,1,'HoloceneEvent',54,NULL,NULL,'tags','2020-05-22 16:46:03'),(2,1,'HoloceneEvent',55,NULL,NULL,'tags','2020-05-22 16:46:03'),(3,1,'HoloceneEvent',57,NULL,NULL,'tags','2020-05-22 16:46:04'),(4,1,'HoloceneEvent',59,NULL,NULL,'tags','2020-05-22 16:46:04'),(5,1,'HoloceneEvent',65,NULL,NULL,'tags','2020-05-22 16:46:05'),(6,1,'HoloceneEvent',66,NULL,NULL,'tags','2020-05-22 16:46:06'),(7,1,'HoloceneEvent',67,NULL,NULL,'tags','2020-05-22 16:46:06'),(8,1,'HoloceneEvent',68,NULL,NULL,'tags','2020-05-22 16:46:07'),(9,1,'HoloceneEvent',70,NULL,NULL,'tags','2020-05-22 16:46:07'),(10,2,'HoloceneEvent',86,NULL,NULL,'tags','2020-05-22 16:46:12'),(11,2,'HoloceneEvent',87,NULL,NULL,'tags','2020-05-22 16:46:12'),(12,2,'HoloceneEvent',89,NULL,NULL,'tags','2020-05-22 16:46:12'),(13,3,'HoloceneEvent',96,NULL,NULL,'tags','2020-05-22 16:46:14'),(14,2,'HoloceneEvent',100,NULL,NULL,'tags','2020-05-22 16:46:15'),(15,1,'HoloceneEvent',103,NULL,NULL,'tags','2020-05-22 16:46:17'),(16,1,'HoloceneEvent',104,NULL,NULL,'tags','2020-05-22 16:46:17'),(17,4,'HoloceneEvent',104,NULL,NULL,'tags','2020-05-22 16:46:17'),(18,5,'HoloceneEvent',104,NULL,NULL,'tags','2020-05-22 16:46:17'),(21,1,'HoloceneEvent',110,NULL,NULL,'tags','2020-05-22 16:46:18'),(22,1,'HoloceneEvent',111,NULL,NULL,'tags','2020-05-22 16:46:18'),(23,1,'HoloceneEvent',112,NULL,NULL,'tags','2020-05-22 16:46:18'),(24,1,'HoloceneEvent',113,NULL,NULL,'tags','2020-05-22 16:46:18'),(25,1,'HoloceneEvent',114,NULL,NULL,'tags','2020-05-22 16:46:19'),(26,1,'HoloceneEvent',116,NULL,NULL,'tags','2020-05-22 16:46:19'),(27,6,'HoloceneEvent',118,NULL,NULL,'tags','2020-05-22 16:46:20'),(28,6,'HoloceneEvent',119,NULL,NULL,'tags','2020-05-22 16:46:20'),(29,6,'HoloceneEvent',121,NULL,NULL,'tags','2020-05-22 16:46:20'),(30,7,'HoloceneEvent',136,NULL,NULL,'tags','2020-05-22 16:46:24'),(31,7,'HoloceneEvent',137,NULL,NULL,'tags','2020-05-22 16:46:25'),(32,7,'HoloceneEvent',138,NULL,NULL,'tags','2020-05-22 16:46:25'),(33,7,'HoloceneEvent',18,NULL,NULL,'tags','2020-05-22 16:46:25'),(37,8,'HoloceneEvent',49,NULL,NULL,'tags','2020-05-22 16:46:26'),(38,9,'HoloceneEvent',141,NULL,NULL,'tags','2020-05-22 16:46:27'),(39,9,'HoloceneEvent',142,NULL,NULL,'tags','2020-05-22 16:46:27'),(40,10,'HoloceneEvent',143,NULL,NULL,'tags','2020-05-22 16:46:27'),(41,4,'HoloceneEvent',143,NULL,NULL,'tags','2020-05-22 16:46:27'),(42,5,'HoloceneEvent',143,NULL,NULL,'tags','2020-05-22 16:46:27'),(43,7,'HoloceneEvent',106,NULL,NULL,'tags','2020-05-22 16:46:28'),(44,7,'HoloceneEvent',107,NULL,NULL,'tags','2020-05-22 16:46:29'),(45,7,'HoloceneEvent',108,NULL,NULL,'tags','2020-05-22 16:46:29'),(46,11,'HoloceneEvent',36,NULL,NULL,'tags','2020-05-22 16:46:29'),(47,8,'HoloceneEvent',36,NULL,NULL,'tags','2020-05-22 16:46:29'),(48,11,'HoloceneEvent',37,NULL,NULL,'tags','2020-05-22 16:46:29'),(49,8,'HoloceneEvent',37,NULL,NULL,'tags','2020-05-22 16:46:29'),(50,7,'HoloceneEvent',122,NULL,NULL,'tags','2020-05-22 16:46:29'),(51,2,'HoloceneEvent',122,NULL,NULL,'tags','2020-05-22 16:46:29'),(52,2,'HoloceneEvent',123,NULL,NULL,'tags','2020-05-22 16:46:30'),(53,2,'HoloceneEvent',126,NULL,NULL,'tags','2020-05-22 16:46:30'),(54,7,'HoloceneEvent',126,NULL,NULL,'tags','2020-05-22 16:46:30'),(55,2,'HoloceneEvent',124,NULL,NULL,'tags','2020-05-22 16:46:30'),(56,2,'HoloceneEvent',125,NULL,NULL,'tags','2020-05-22 16:46:30'),(57,2,'HoloceneEvent',127,NULL,NULL,'tags','2020-05-22 16:46:30'),(58,7,'HoloceneEvent',127,NULL,NULL,'tags','2020-05-22 16:46:30'),(59,2,'HoloceneEvent',128,NULL,NULL,'tags','2020-05-22 16:46:30'),(60,7,'HoloceneEvent',128,NULL,NULL,'tags','2020-05-22 16:46:30'),(61,2,'HoloceneEvent',129,NULL,NULL,'tags','2020-05-22 16:46:31'),(62,7,'HoloceneEvent',129,NULL,NULL,'tags','2020-05-22 16:46:31'),(63,7,'HoloceneEvent',149,NULL,NULL,'tags','2020-05-22 16:46:31'),(64,12,'HoloceneEvent',149,NULL,NULL,'tags','2020-05-22 16:46:31'),(65,7,'HoloceneEvent',150,NULL,NULL,'tags','2020-05-22 16:46:31'),(66,12,'HoloceneEvent',150,NULL,NULL,'tags','2020-05-22 16:46:31'),(67,11,'HoloceneEvent',151,NULL,NULL,'tags','2020-05-22 16:46:31'),(68,8,'HoloceneEvent',151,NULL,NULL,'tags','2020-05-22 16:46:31'),(69,8,'HoloceneEvent',50,NULL,NULL,'tags','2020-05-22 16:46:32'),(70,13,'HoloceneEvent',152,NULL,NULL,'tags','2020-05-22 16:46:32'),(71,8,'HoloceneEvent',51,NULL,NULL,'tags','2020-05-22 16:46:32'),(72,8,'HoloceneEvent',17,NULL,NULL,'tags','2020-05-22 16:46:33'),(73,8,'HoloceneEvent',16,NULL,NULL,'tags','2020-05-22 16:46:33'),(74,9,'HoloceneEvent',157,NULL,NULL,'tags','2020-05-22 16:46:34'),(75,9,'HoloceneEvent',158,NULL,NULL,'tags','2020-05-22 16:46:34'),(76,9,'HoloceneEvent',159,NULL,NULL,'tags','2020-05-22 16:46:34'),(77,9,'HoloceneEvent',160,NULL,NULL,'tags','2020-05-22 16:46:34'),(78,9,'HoloceneEvent',161,NULL,NULL,'tags','2020-05-22 16:46:34'),(81,9,'HoloceneEvent',162,NULL,NULL,'tags','2020-05-22 16:46:34'),(82,9,'HoloceneEvent',163,NULL,NULL,'tags','2020-05-22 16:46:35'),(83,7,'HoloceneEvent',164,NULL,NULL,'tags','2020-05-22 16:46:35'),(84,7,'HoloceneEvent',78,NULL,NULL,'tags','2020-05-22 16:46:35'),(85,7,'HoloceneEvent',166,NULL,NULL,'tags','2020-05-22 16:46:35'),(86,7,'HoloceneEvent',167,NULL,NULL,'tags','2020-05-22 16:46:36'),(87,8,'HoloceneEvent',31,NULL,NULL,'tags','2020-05-22 16:46:36'),(88,8,'HoloceneEvent',22,NULL,NULL,'tags','2020-05-22 16:46:36'),(89,8,'HoloceneEvent',23,NULL,NULL,'tags','2020-05-22 16:46:36'),(90,8,'HoloceneEvent',30,NULL,NULL,'tags','2020-05-22 16:46:36'),(91,8,'HoloceneEvent',27,NULL,NULL,'tags','2020-05-22 16:46:36'),(92,11,'HoloceneEvent',38,NULL,NULL,'tags','2020-05-22 16:46:37'),(93,8,'HoloceneEvent',38,NULL,NULL,'tags','2020-05-22 16:46:37'),(94,11,'HoloceneEvent',39,NULL,NULL,'tags','2020-05-22 16:46:38'),(95,8,'HoloceneEvent',39,NULL,NULL,'tags','2020-05-22 16:46:38'),(96,11,'HoloceneEvent',40,NULL,NULL,'tags','2020-05-22 16:46:38'),(97,8,'HoloceneEvent',40,NULL,NULL,'tags','2020-05-22 16:46:38'),(98,11,'HoloceneEvent',41,NULL,NULL,'tags','2020-05-22 16:46:38'),(99,8,'HoloceneEvent',41,NULL,NULL,'tags','2020-05-22 16:46:38'),(100,11,'HoloceneEvent',42,NULL,NULL,'tags','2020-05-22 16:46:39'),(101,8,'HoloceneEvent',42,NULL,NULL,'tags','2020-05-22 16:46:39'),(102,11,'HoloceneEvent',45,NULL,NULL,'tags','2020-05-22 16:46:39'),(103,8,'HoloceneEvent',45,NULL,NULL,'tags','2020-05-22 16:46:39'),(104,11,'HoloceneEvent',46,NULL,NULL,'tags','2020-05-22 16:46:39'),(105,8,'HoloceneEvent',46,NULL,NULL,'tags','2020-05-22 16:46:39'),(106,11,'HoloceneEvent',47,NULL,NULL,'tags','2020-05-22 16:46:40'),(107,8,'HoloceneEvent',47,NULL,NULL,'tags','2020-05-22 16:46:40'),(108,11,'HoloceneEvent',48,NULL,NULL,'tags','2020-05-22 16:46:40'),(109,8,'HoloceneEvent',48,NULL,NULL,'tags','2020-05-22 16:46:40'),(110,8,'HoloceneEvent',33,NULL,NULL,'tags','2020-05-22 16:46:41'),(111,8,'HoloceneEvent',34,NULL,NULL,'tags','2020-05-22 16:46:41'),(112,8,'HoloceneEvent',35,NULL,NULL,'tags','2020-05-22 16:46:41'),(113,9,'HoloceneEvent',2,NULL,NULL,'tags','2020-05-22 16:46:42'),(114,9,'HoloceneEvent',173,NULL,NULL,'tags','2020-05-22 16:46:43'),(115,9,'HoloceneEvent',174,NULL,NULL,'tags','2020-05-22 16:46:43'),(116,11,'HoloceneEvent',43,NULL,NULL,'tags','2020-05-22 16:46:43'),(117,8,'HoloceneEvent',43,NULL,NULL,'tags','2020-05-22 16:46:43'),(118,11,'HoloceneEvent',44,NULL,NULL,'tags','2020-05-22 16:46:43'),(119,8,'HoloceneEvent',44,NULL,NULL,'tags','2020-05-22 16:46:43'),(120,11,'HoloceneEvent',176,NULL,NULL,'tags','2020-05-22 16:46:44'),(121,8,'HoloceneEvent',176,NULL,NULL,'tags','2020-05-22 16:46:44'),(122,8,'HoloceneEvent',52,NULL,NULL,'tags','2020-05-22 16:46:44'),(123,4,'HoloceneEvent',183,NULL,NULL,'tags','2020-05-22 16:46:46'),(124,5,'HoloceneEvent',183,NULL,NULL,'tags','2020-05-22 16:46:46'),(125,8,'HoloceneEvent',53,NULL,NULL,'tags','2020-05-22 16:46:47'),(126,14,'HoloceneEvent',189,NULL,NULL,'tags','2020-05-22 16:46:47'),(127,14,'HoloceneEvent',190,NULL,NULL,'tags','2020-05-22 16:46:47'),(128,15,'HoloceneEvent',191,NULL,NULL,'tags','2020-05-22 16:46:47'),(129,16,'HoloceneEvent',191,NULL,NULL,'tags','2020-05-22 16:46:47'),(130,9,'HoloceneEvent',192,NULL,NULL,'tags','2020-05-22 16:46:48'),(131,9,'HoloceneEvent',193,NULL,NULL,'tags','2020-05-22 16:46:48'),(134,14,'HoloceneEvent',196,NULL,NULL,'tags','2020-05-22 16:46:48'),(137,14,'HoloceneEvent',198,NULL,NULL,'tags','2020-05-22 16:46:49'),(138,14,'HoloceneEvent',199,NULL,NULL,'tags','2020-05-22 16:46:49'),(139,14,'HoloceneEvent',200,NULL,NULL,'tags','2020-05-22 16:46:49'),(140,14,'HoloceneEvent',201,NULL,NULL,'tags','2020-05-22 16:46:49'),(141,9,'HoloceneEvent',202,NULL,NULL,'tags','2020-05-22 16:46:49'),(142,9,'HoloceneEvent',203,NULL,NULL,'tags','2020-05-22 16:46:50'),(143,9,'HoloceneEvent',204,NULL,NULL,'tags','2020-05-22 16:46:50'),(144,9,'HoloceneEvent',3,NULL,NULL,'tags','2020-05-22 16:46:50'),(145,9,'HoloceneEvent',205,NULL,NULL,'tags','2020-05-22 16:46:50'),(146,9,'HoloceneEvent',206,NULL,NULL,'tags','2020-05-22 16:46:50'),(147,9,'HoloceneEvent',207,NULL,NULL,'tags','2020-05-22 16:46:51'),(148,9,'HoloceneEvent',209,NULL,NULL,'tags','2020-05-22 16:46:51'),(149,3,'HoloceneEvent',212,NULL,NULL,'tags','2020-05-22 16:46:52'),(150,8,'HoloceneEvent',11,NULL,NULL,'tags','2020-05-22 16:46:52'),(151,8,'HoloceneEvent',12,NULL,NULL,'tags','2020-05-22 16:46:53'),(152,9,'HoloceneEvent',214,NULL,NULL,'tags','2020-05-22 16:46:53'),(153,8,'HoloceneEvent',13,NULL,NULL,'tags','2020-05-22 16:46:53'),(154,15,'HoloceneEvent',215,NULL,NULL,'tags','2020-05-22 16:46:54'),(155,16,'HoloceneEvent',215,NULL,NULL,'tags','2020-05-22 16:46:54'),(156,8,'HoloceneEvent',15,NULL,NULL,'tags','2020-05-22 16:46:54'),(157,7,'HoloceneEvent',80,NULL,NULL,'tags','2020-05-22 16:46:55'),(158,17,'HoloceneEvent',224,NULL,NULL,'tags','2020-05-22 16:46:56'),(159,17,'HoloceneEvent',226,NULL,NULL,'tags','2020-05-22 16:46:56'),(160,17,'HoloceneEvent',227,NULL,NULL,'tags','2020-05-22 16:46:57'),(161,17,'HoloceneEvent',228,NULL,NULL,'tags','2020-05-22 16:46:57'),(162,18,'HoloceneEvent',228,NULL,NULL,'tags','2020-05-22 16:46:57'),(163,17,'HoloceneEvent',230,NULL,NULL,'tags','2020-05-22 16:46:57'),(164,18,'HoloceneEvent',230,NULL,NULL,'tags','2020-05-22 16:46:57'),(165,3,'HoloceneEvent',231,NULL,NULL,'tags','2020-05-22 16:46:57'),(166,17,'HoloceneEvent',232,NULL,NULL,'tags','2020-05-22 16:46:57'),(167,18,'HoloceneEvent',232,NULL,NULL,'tags','2020-05-22 16:46:58'),(168,9,'HoloceneEvent',233,NULL,NULL,'tags','2020-05-22 16:46:58'),(169,14,'HoloceneEvent',234,NULL,NULL,'tags','2020-05-22 16:46:58'),(170,4,'HoloceneEvent',234,NULL,NULL,'tags','2020-05-22 16:46:58'),(171,19,'HoloceneEvent',234,NULL,NULL,'tags','2020-05-22 16:46:58'),(172,14,'HoloceneEvent',236,NULL,NULL,'tags','2020-05-22 16:46:58'),(173,4,'HoloceneEvent',236,NULL,NULL,'tags','2020-05-22 16:46:58'),(174,20,'HoloceneEvent',236,NULL,NULL,'tags','2020-05-22 16:46:58'),(175,10,'HoloceneEvent',239,NULL,NULL,'tags','2020-05-22 16:46:59'),(176,21,'HoloceneEvent',239,NULL,NULL,'tags','2020-05-22 16:46:59'),(177,14,'HoloceneEvent',240,NULL,NULL,'tags','2020-05-22 16:46:59'),(178,10,'HoloceneEvent',240,NULL,NULL,'tags','2020-05-22 16:46:59'),(179,4,'HoloceneEvent',240,NULL,NULL,'tags','2020-05-22 16:46:59'),(180,5,'HoloceneEvent',240,NULL,NULL,'tags','2020-05-22 16:46:59'),(181,22,'HoloceneEvent',243,NULL,NULL,'tags','2020-05-22 16:47:00'),(182,23,'HoloceneEvent',243,NULL,NULL,'tags','2020-05-22 16:47:00'),(183,24,'HoloceneEvent',243,NULL,NULL,'tags','2020-05-22 16:47:00'),(184,22,'HoloceneEvent',244,NULL,NULL,'tags','2020-05-22 16:47:01'),(185,23,'HoloceneEvent',244,NULL,NULL,'tags','2020-05-22 16:47:01'),(186,24,'HoloceneEvent',244,NULL,NULL,'tags','2020-05-22 16:47:01'),(187,22,'HoloceneEvent',245,NULL,NULL,'tags','2020-05-22 16:47:01'),(188,23,'HoloceneEvent',245,NULL,NULL,'tags','2020-05-22 16:47:01'),(189,24,'HoloceneEvent',245,NULL,NULL,'tags','2020-05-22 16:47:01'),(193,25,'HoloceneEvent',248,NULL,NULL,'tags','2020-05-22 16:47:03'),(194,25,'HoloceneEvent',249,NULL,NULL,'tags','2020-05-22 16:47:03'),(195,25,'HoloceneEvent',250,NULL,NULL,'tags','2020-05-22 16:47:03'),(196,25,'HoloceneEvent',251,NULL,NULL,'tags','2020-05-22 16:47:04'),(197,18,'HoloceneEvent',262,NULL,NULL,'tags','2020-05-22 16:47:06'),(198,26,'HoloceneEvent',262,NULL,NULL,'tags','2020-05-22 16:47:06'),(206,28,'HoloceneEvent',271,NULL,NULL,'tags','2020-05-22 16:47:08'),(214,27,'HoloceneEvent',282,NULL,NULL,'tags','2020-05-22 16:47:10'),(215,22,'HoloceneEvent',64,NULL,NULL,'tags','2020-05-22 16:47:11'),(216,29,'HoloceneEvent',64,NULL,NULL,'tags','2020-05-22 16:47:11'),(217,27,'HoloceneEvent',283,NULL,NULL,'tags','2020-05-22 16:47:11'),(218,27,'HoloceneEvent',284,NULL,NULL,'tags','2020-05-22 16:47:11'),(219,22,'HoloceneEvent',285,NULL,NULL,'tags','2020-05-22 16:47:11'),(220,29,'HoloceneEvent',285,NULL,NULL,'tags','2020-05-22 16:47:11'),(221,23,'HoloceneEvent',287,NULL,NULL,'tags','2020-05-22 16:47:12'),(222,22,'HoloceneEvent',287,NULL,NULL,'tags','2020-05-22 16:47:12'),(223,29,'HoloceneEvent',287,NULL,NULL,'tags','2020-05-22 16:47:12'),(224,22,'HoloceneEvent',288,NULL,NULL,'tags','2020-05-22 16:47:13'),(225,29,'HoloceneEvent',288,NULL,NULL,'tags','2020-05-22 16:47:13'),(226,23,'HoloceneEvent',289,NULL,NULL,'tags','2020-05-22 16:47:13'),(227,22,'HoloceneEvent',289,NULL,NULL,'tags','2020-05-22 16:47:13'),(228,29,'HoloceneEvent',289,NULL,NULL,'tags','2020-05-22 16:47:13'),(229,23,'HoloceneEvent',290,NULL,NULL,'tags','2020-05-22 16:47:14'),(230,22,'HoloceneEvent',290,NULL,NULL,'tags','2020-05-22 16:47:14'),(231,29,'HoloceneEvent',290,NULL,NULL,'tags','2020-05-22 16:47:14'),(232,23,'HoloceneEvent',291,NULL,NULL,'tags','2020-05-22 16:47:14'),(233,22,'HoloceneEvent',291,NULL,NULL,'tags','2020-05-22 16:47:14'),(234,30,'HoloceneEvent',291,NULL,NULL,'tags','2020-05-22 16:47:14'),(235,23,'HoloceneEvent',292,NULL,NULL,'tags','2020-05-22 16:47:14'),(236,22,'HoloceneEvent',292,NULL,NULL,'tags','2020-05-22 16:47:14'),(237,30,'HoloceneEvent',292,NULL,NULL,'tags','2020-05-22 16:47:14'),(238,23,'HoloceneEvent',293,NULL,NULL,'tags','2020-05-22 16:47:15'),(239,22,'HoloceneEvent',293,NULL,NULL,'tags','2020-05-22 16:47:15'),(240,29,'HoloceneEvent',293,NULL,NULL,'tags','2020-05-22 16:47:15'),(241,23,'HoloceneEvent',294,NULL,NULL,'tags','2020-05-22 16:47:15'),(242,22,'HoloceneEvent',294,NULL,NULL,'tags','2020-05-22 16:47:15'),(243,29,'HoloceneEvent',294,NULL,NULL,'tags','2020-05-22 16:47:15'),(244,23,'HoloceneEvent',295,NULL,NULL,'tags','2020-05-22 16:47:15'),(245,22,'HoloceneEvent',295,NULL,NULL,'tags','2020-05-22 16:47:15'),(246,29,'HoloceneEvent',295,NULL,NULL,'tags','2020-05-22 16:47:15'),(247,23,'HoloceneEvent',296,NULL,NULL,'tags','2020-05-22 16:47:15'),(248,22,'HoloceneEvent',296,NULL,NULL,'tags','2020-05-22 16:47:15'),(249,29,'HoloceneEvent',296,NULL,NULL,'tags','2020-05-22 16:47:15'),(250,22,'HoloceneEvent',297,NULL,NULL,'tags','2020-05-22 16:47:16'),(251,29,'HoloceneEvent',297,NULL,NULL,'tags','2020-05-22 16:47:16'),(252,23,'HoloceneEvent',298,NULL,NULL,'tags','2020-05-22 16:47:16'),(253,22,'HoloceneEvent',298,NULL,NULL,'tags','2020-05-22 16:47:16'),(254,29,'HoloceneEvent',298,NULL,NULL,'tags','2020-05-22 16:47:16'),(255,23,'HoloceneEvent',299,NULL,NULL,'tags','2020-05-22 16:47:16'),(256,22,'HoloceneEvent',299,NULL,NULL,'tags','2020-05-22 16:47:16'),(257,30,'HoloceneEvent',299,NULL,NULL,'tags','2020-05-22 16:47:16'),(258,22,'HoloceneEvent',300,NULL,NULL,'tags','2020-05-22 16:47:16'),(259,30,'HoloceneEvent',300,NULL,NULL,'tags','2020-05-22 16:47:16'),(260,23,'HoloceneEvent',301,NULL,NULL,'tags','2020-05-22 16:47:17'),(261,22,'HoloceneEvent',301,NULL,NULL,'tags','2020-05-22 16:47:17'),(262,29,'HoloceneEvent',301,NULL,NULL,'tags','2020-05-22 16:47:17'),(263,22,'HoloceneEvent',302,NULL,NULL,'tags','2020-05-22 16:47:17'),(264,29,'HoloceneEvent',302,NULL,NULL,'tags','2020-05-22 16:47:17'),(265,23,'HoloceneEvent',303,NULL,NULL,'tags','2020-05-22 16:47:17'),(266,22,'HoloceneEvent',303,NULL,NULL,'tags','2020-05-22 16:47:17'),(267,29,'HoloceneEvent',303,NULL,NULL,'tags','2020-05-22 16:47:17'),(268,23,'HoloceneEvent',304,NULL,NULL,'tags','2020-05-22 16:47:18'),(269,22,'HoloceneEvent',304,NULL,NULL,'tags','2020-05-22 16:47:18'),(270,29,'HoloceneEvent',304,NULL,NULL,'tags','2020-05-22 16:47:18'),(271,23,'HoloceneEvent',305,NULL,NULL,'tags','2020-05-22 16:47:18'),(272,22,'HoloceneEvent',305,NULL,NULL,'tags','2020-05-22 16:47:18'),(273,29,'HoloceneEvent',305,NULL,NULL,'tags','2020-05-22 16:47:18'),(274,23,'HoloceneEvent',306,NULL,NULL,'tags','2020-05-22 16:47:18'),(275,22,'HoloceneEvent',306,NULL,NULL,'tags','2020-05-22 16:47:18'),(276,30,'HoloceneEvent',306,NULL,NULL,'tags','2020-05-22 16:47:18'),(277,22,'HoloceneEvent',307,NULL,NULL,'tags','2020-05-22 16:47:19'),(278,29,'HoloceneEvent',307,NULL,NULL,'tags','2020-05-22 16:47:19'),(279,22,'HoloceneEvent',308,NULL,NULL,'tags','2020-05-22 16:47:19'),(280,29,'HoloceneEvent',308,NULL,NULL,'tags','2020-05-22 16:47:19'),(281,22,'HoloceneEvent',309,NULL,NULL,'tags','2020-05-22 16:47:19'),(282,29,'HoloceneEvent',309,NULL,NULL,'tags','2020-05-22 16:47:19'),(283,23,'HoloceneEvent',310,NULL,NULL,'tags','2020-05-22 16:47:19'),(284,22,'HoloceneEvent',310,NULL,NULL,'tags','2020-05-22 16:47:19'),(285,29,'HoloceneEvent',310,NULL,NULL,'tags','2020-05-22 16:47:19'),(286,23,'HoloceneEvent',311,NULL,NULL,'tags','2020-05-22 16:47:20'),(287,22,'HoloceneEvent',311,NULL,NULL,'tags','2020-05-22 16:47:20'),(288,29,'HoloceneEvent',311,NULL,NULL,'tags','2020-05-22 16:47:20'),(289,22,'HoloceneEvent',312,NULL,NULL,'tags','2020-05-22 16:47:20'),(290,29,'HoloceneEvent',312,NULL,NULL,'tags','2020-05-22 16:47:20'),(291,23,'HoloceneEvent',313,NULL,NULL,'tags','2020-05-22 16:47:20'),(292,22,'HoloceneEvent',313,NULL,NULL,'tags','2020-05-22 16:47:20'),(293,29,'HoloceneEvent',313,NULL,NULL,'tags','2020-05-22 16:47:20'),(294,23,'HoloceneEvent',314,NULL,NULL,'tags','2020-05-22 16:47:21'),(295,22,'HoloceneEvent',314,NULL,NULL,'tags','2020-05-22 16:47:21'),(296,29,'HoloceneEvent',314,NULL,NULL,'tags','2020-05-22 16:47:21'),(297,22,'HoloceneEvent',315,NULL,NULL,'tags','2020-05-22 16:47:21'),(298,29,'HoloceneEvent',315,NULL,NULL,'tags','2020-05-22 16:47:21'),(299,22,'HoloceneEvent',316,NULL,NULL,'tags','2020-05-22 16:47:21'),(300,29,'HoloceneEvent',316,NULL,NULL,'tags','2020-05-22 16:47:21'),(301,22,'HoloceneEvent',317,NULL,NULL,'tags','2020-05-22 16:47:22'),(302,29,'HoloceneEvent',317,NULL,NULL,'tags','2020-05-22 16:47:22'),(303,22,'HoloceneEvent',318,NULL,NULL,'tags','2020-05-22 16:47:22'),(304,29,'HoloceneEvent',318,NULL,NULL,'tags','2020-05-22 16:47:22'),(305,22,'HoloceneEvent',319,NULL,NULL,'tags','2020-05-22 16:47:22'),(306,29,'HoloceneEvent',319,NULL,NULL,'tags','2020-05-22 16:47:22'),(307,22,'HoloceneEvent',320,NULL,NULL,'tags','2020-05-22 16:47:23'),(308,23,'HoloceneEvent',320,NULL,NULL,'tags','2020-05-22 16:47:23'),(309,29,'HoloceneEvent',320,NULL,NULL,'tags','2020-05-22 16:47:23'),(310,22,'HoloceneEvent',321,NULL,NULL,'tags','2020-05-22 16:47:23'),(311,23,'HoloceneEvent',321,NULL,NULL,'tags','2020-05-22 16:47:23'),(312,30,'HoloceneEvent',321,NULL,NULL,'tags','2020-05-22 16:47:23'),(313,22,'HoloceneEvent',322,NULL,NULL,'tags','2020-05-22 16:47:24'),(314,23,'HoloceneEvent',322,NULL,NULL,'tags','2020-05-22 16:47:24'),(315,29,'HoloceneEvent',322,NULL,NULL,'tags','2020-05-22 16:47:24'),(316,22,'HoloceneEvent',323,NULL,NULL,'tags','2020-05-22 16:47:24'),(317,23,'HoloceneEvent',323,NULL,NULL,'tags','2020-05-22 16:47:24'),(318,29,'HoloceneEvent',323,NULL,NULL,'tags','2020-05-22 16:47:24'),(319,22,'HoloceneEvent',324,NULL,NULL,'tags','2020-05-22 16:47:25'),(320,23,'HoloceneEvent',324,NULL,NULL,'tags','2020-05-22 16:47:25'),(321,29,'HoloceneEvent',324,NULL,NULL,'tags','2020-05-22 16:47:25'),(322,22,'HoloceneEvent',325,NULL,NULL,'tags','2020-05-22 16:47:25'),(323,23,'HoloceneEvent',325,NULL,NULL,'tags','2020-05-22 16:47:25'),(324,29,'HoloceneEvent',325,NULL,NULL,'tags','2020-05-22 16:47:25'),(325,22,'HoloceneEvent',326,NULL,NULL,'tags','2020-05-22 16:47:25'),(326,23,'HoloceneEvent',326,NULL,NULL,'tags','2020-05-22 16:47:25'),(327,30,'HoloceneEvent',326,NULL,NULL,'tags','2020-05-22 16:47:25'),(328,23,'HoloceneEvent',327,NULL,NULL,'tags','2020-05-22 16:47:26'),(329,22,'HoloceneEvent',327,NULL,NULL,'tags','2020-05-22 16:47:26'),(330,29,'HoloceneEvent',327,NULL,NULL,'tags','2020-05-22 16:47:26'),(331,22,'HoloceneEvent',328,NULL,NULL,'tags','2020-05-22 16:47:26'),(332,29,'HoloceneEvent',328,NULL,NULL,'tags','2020-05-22 16:47:26'),(333,22,'HoloceneEvent',329,NULL,NULL,'tags','2020-05-22 16:47:27'),(334,29,'HoloceneEvent',329,NULL,NULL,'tags','2020-05-22 16:47:27'),(335,22,'HoloceneEvent',330,NULL,NULL,'tags','2020-05-22 16:47:27'),(336,29,'HoloceneEvent',330,NULL,NULL,'tags','2020-05-22 16:47:27'),(337,22,'HoloceneEvent',331,NULL,NULL,'tags','2020-05-22 16:47:27'),(338,29,'HoloceneEvent',331,NULL,NULL,'tags','2020-05-22 16:47:27'),(339,22,'HoloceneEvent',332,NULL,NULL,'tags','2020-05-22 16:47:28'),(340,30,'HoloceneEvent',332,NULL,NULL,'tags','2020-05-22 16:47:28'),(341,29,'HoloceneEvent',333,NULL,NULL,'tags','2020-05-22 16:47:28'),(342,22,'HoloceneEvent',334,NULL,NULL,'tags','2020-05-22 16:47:29'),(343,23,'HoloceneEvent',334,NULL,NULL,'tags','2020-05-22 16:47:29'),(344,29,'HoloceneEvent',334,NULL,NULL,'tags','2020-05-22 16:47:29'),(345,22,'HoloceneEvent',335,NULL,NULL,'tags','2020-05-22 16:47:29'),(346,30,'HoloceneEvent',335,NULL,NULL,'tags','2020-05-22 16:47:29'),(347,22,'HoloceneEvent',336,NULL,NULL,'tags','2020-05-22 16:47:30'),(348,29,'HoloceneEvent',336,NULL,NULL,'tags','2020-05-22 16:47:30'),(349,22,'HoloceneEvent',62,NULL,NULL,'tags','2020-05-22 16:47:30'),(350,29,'HoloceneEvent',62,NULL,NULL,'tags','2020-05-22 16:47:30'),(351,22,'HoloceneEvent',63,NULL,NULL,'tags','2020-05-22 16:47:30'),(352,23,'HoloceneEvent',63,NULL,NULL,'tags','2020-05-22 16:47:30'),(353,29,'HoloceneEvent',63,NULL,NULL,'tags','2020-05-22 16:47:30'),(354,22,'HoloceneEvent',337,NULL,NULL,'tags','2020-05-22 16:47:31'),(355,29,'HoloceneEvent',337,NULL,NULL,'tags','2020-05-22 16:47:31'),(356,22,'HoloceneEvent',338,NULL,NULL,'tags','2020-05-22 16:47:31'),(357,29,'HoloceneEvent',338,NULL,NULL,'tags','2020-05-22 16:47:31'),(358,22,'HoloceneEvent',339,NULL,NULL,'tags','2020-05-22 16:47:33'),(359,29,'HoloceneEvent',339,NULL,NULL,'tags','2020-05-22 16:47:33'),(360,22,'HoloceneEvent',340,NULL,NULL,'tags','2020-05-22 16:47:33'),(361,29,'HoloceneEvent',340,NULL,NULL,'tags','2020-05-22 16:47:33'),(362,27,'HoloceneEvent',26,NULL,NULL,'tags','2020-05-22 16:47:34'),(363,15,'HoloceneEvent',343,NULL,NULL,'tags','2020-05-22 16:47:34'),(364,16,'HoloceneEvent',343,NULL,NULL,'tags','2020-05-22 16:47:34'),(365,31,'HoloceneEvent',344,NULL,NULL,'tags','2020-05-22 16:47:34'),(366,32,'HoloceneEvent',344,NULL,NULL,'tags','2020-05-22 16:47:34'),(367,31,'HoloceneEvent',345,NULL,NULL,'tags','2020-05-22 16:47:35'),(368,32,'HoloceneEvent',345,NULL,NULL,'tags','2020-05-22 16:47:35'),(369,22,'HoloceneEvent',346,NULL,NULL,'tags','2020-05-22 16:47:35'),(370,23,'HoloceneEvent',346,NULL,NULL,'tags','2020-05-22 16:47:35'),(371,29,'HoloceneEvent',346,NULL,NULL,'tags','2020-05-22 16:47:35'),(372,27,'HoloceneEvent',32,NULL,NULL,'tags','2020-05-22 16:47:35'),(373,1,'HoloceneEvent',72,NULL,NULL,'tags','2020-05-22 16:47:35'),(374,28,'HoloceneEvent',72,NULL,NULL,'tags','2020-05-22 16:47:35'),(375,15,'HoloceneEvent',72,NULL,NULL,'tags','2020-05-22 16:47:35'),(376,16,'HoloceneEvent',72,NULL,NULL,'tags','2020-05-22 16:47:35'),(377,31,'HoloceneEvent',347,NULL,NULL,'tags','2020-05-22 16:47:36'),(378,32,'HoloceneEvent',347,NULL,NULL,'tags','2020-05-22 16:47:36'),(379,28,'HoloceneEvent',82,NULL,NULL,'tags','2020-05-22 16:47:36'),(380,15,'HoloceneEvent',82,NULL,NULL,'tags','2020-05-22 16:47:36'),(381,16,'HoloceneEvent',82,NULL,NULL,'tags','2020-05-22 16:47:36'),(382,31,'HoloceneEvent',348,NULL,NULL,'tags','2020-05-22 16:47:36'),(383,32,'HoloceneEvent',348,NULL,NULL,'tags','2020-05-22 16:47:36'),(384,27,'HoloceneEvent',81,NULL,NULL,'tags','2020-05-22 16:47:36'),(385,22,'HoloceneEvent',96,NULL,NULL,'tags','2020-05-22 16:47:36'),(386,30,'HoloceneEvent',96,NULL,NULL,'tags','2020-05-22 16:47:36'),(387,26,'HoloceneEvent',96,NULL,NULL,'tags','2020-05-22 16:47:36'),(388,15,'HoloceneEvent',96,NULL,NULL,'tags','2020-05-22 16:47:36'),(389,6,'HoloceneEvent',96,NULL,NULL,'tags','2020-05-22 16:47:36'),(390,31,'HoloceneEvent',98,NULL,NULL,'tags','2020-05-22 16:47:37'),(391,32,'HoloceneEvent',98,NULL,NULL,'tags','2020-05-22 16:47:37'),(392,28,'HoloceneEvent',109,NULL,NULL,'tags','2020-05-22 16:47:37'),(393,22,'HoloceneEvent',115,NULL,NULL,'tags','2020-05-22 16:47:38'),(394,29,'HoloceneEvent',115,NULL,NULL,'tags','2020-05-22 16:47:38'),(395,22,'HoloceneEvent',350,NULL,NULL,'tags','2020-05-22 16:47:38'),(396,29,'HoloceneEvent',350,NULL,NULL,'tags','2020-05-22 16:47:38'),(397,15,'HoloceneEvent',351,NULL,NULL,'tags','2020-05-22 16:47:38'),(398,6,'HoloceneEvent',351,NULL,NULL,'tags','2020-05-22 16:47:38'),(399,15,'HoloceneEvent',119,NULL,NULL,'tags','2020-05-22 16:47:39'),(400,22,'HoloceneEvent',130,NULL,NULL,'tags','2020-05-22 16:47:39'),(401,29,'HoloceneEvent',130,NULL,NULL,'tags','2020-05-22 16:47:39'),(402,31,'HoloceneEvent',131,NULL,NULL,'tags','2020-05-22 16:47:39'),(403,32,'HoloceneEvent',131,NULL,NULL,'tags','2020-05-22 16:47:39'),(404,27,'HoloceneEvent',354,NULL,NULL,'tags','2020-05-22 16:47:40'),(405,15,'HoloceneEvent',121,NULL,NULL,'tags','2020-05-22 16:47:40'),(406,26,'HoloceneEvent',355,NULL,NULL,'tags','2020-05-22 16:47:40'),(407,18,'HoloceneEvent',357,NULL,NULL,'tags','2020-05-22 16:47:41'),(408,26,'HoloceneEvent',358,NULL,NULL,'tags','2020-05-22 16:47:41'),(409,22,'HoloceneEvent',359,NULL,NULL,'tags','2020-05-22 16:47:41'),(410,23,'HoloceneEvent',359,NULL,NULL,'tags','2020-05-22 16:47:41'),(411,29,'HoloceneEvent',359,NULL,NULL,'tags','2020-05-22 16:47:41'),(412,31,'HoloceneEvent',360,NULL,NULL,'tags','2020-05-22 16:47:41'),(413,32,'HoloceneEvent',360,NULL,NULL,'tags','2020-05-22 16:47:41'),(414,22,'HoloceneEvent',362,NULL,NULL,'tags','2020-05-22 16:47:42'),(415,30,'HoloceneEvent',362,NULL,NULL,'tags','2020-05-22 16:47:42'),(419,31,'HoloceneEvent',364,NULL,NULL,'tags','2020-05-22 16:47:43'),(420,32,'HoloceneEvent',364,NULL,NULL,'tags','2020-05-22 16:47:43'),(421,31,'HoloceneEvent',365,NULL,NULL,'tags','2020-05-22 16:47:43'),(422,32,'HoloceneEvent',365,NULL,NULL,'tags','2020-05-22 16:47:43'),(423,26,'HoloceneEvent',366,NULL,NULL,'tags','2020-05-22 16:47:43'),(424,6,'HoloceneEvent',366,NULL,NULL,'tags','2020-05-22 16:47:43'),(425,15,'HoloceneEvent',366,NULL,NULL,'tags','2020-05-22 16:47:43'),(426,22,'HoloceneEvent',367,NULL,NULL,'tags','2020-05-22 16:47:43'),(427,23,'HoloceneEvent',367,NULL,NULL,'tags','2020-05-22 16:47:43'),(428,29,'HoloceneEvent',367,NULL,NULL,'tags','2020-05-22 16:47:43'),(429,22,'HoloceneEvent',368,NULL,NULL,'tags','2020-05-22 16:47:44'),(430,29,'HoloceneEvent',368,NULL,NULL,'tags','2020-05-22 16:47:44'),(431,22,'HoloceneEvent',369,NULL,NULL,'tags','2020-05-22 16:47:44'),(432,23,'HoloceneEvent',369,NULL,NULL,'tags','2020-05-22 16:47:44'),(433,29,'HoloceneEvent',369,NULL,NULL,'tags','2020-05-22 16:47:44'),(434,28,'HoloceneEvent',371,NULL,NULL,'tags','2020-05-22 16:47:45'),(435,22,'HoloceneEvent',372,NULL,NULL,'tags','2020-05-22 16:47:45'),(436,23,'HoloceneEvent',372,NULL,NULL,'tags','2020-05-22 16:47:45'),(437,30,'HoloceneEvent',372,NULL,NULL,'tags','2020-05-22 16:47:45'),(438,22,'HoloceneEvent',377,NULL,NULL,'tags','2020-05-22 16:47:46'),(439,33,'HoloceneEvent',377,NULL,NULL,'tags','2020-05-22 16:47:46'),(440,25,'HoloceneEvent',379,NULL,NULL,'tags','2020-05-22 16:47:46'),(441,10,'HoloceneEvent',379,NULL,NULL,'tags','2020-05-22 16:47:46'),(442,28,'HoloceneEvent',380,NULL,NULL,'tags','2020-05-22 16:47:47'),(443,10,'HoloceneEvent',380,NULL,NULL,'tags','2020-05-22 16:47:47'),(444,22,'HoloceneEvent',381,NULL,NULL,'tags','2020-05-22 16:47:47'),(445,33,'HoloceneEvent',381,NULL,NULL,'tags','2020-05-22 16:47:47'),(446,34,'HoloceneEvent',382,NULL,NULL,'tags','2020-05-22 16:47:47'),(447,34,'HoloceneEvent',383,NULL,NULL,'tags','2020-05-22 16:47:47'),(448,34,'HoloceneEvent',384,NULL,NULL,'tags','2020-05-22 16:47:47'),(449,34,'HoloceneEvent',385,NULL,NULL,'tags','2020-05-22 16:47:48'),(450,34,'HoloceneEvent',386,NULL,NULL,'tags','2020-05-22 16:47:48'),(451,34,'HoloceneEvent',387,NULL,NULL,'tags','2020-05-22 16:47:48'),(452,34,'HoloceneEvent',388,NULL,NULL,'tags','2020-05-22 16:47:48'),(453,34,'HoloceneEvent',389,NULL,NULL,'tags','2020-05-22 16:47:48'),(454,34,'HoloceneEvent',390,NULL,NULL,'tags','2020-05-22 16:47:49'),(455,34,'HoloceneEvent',391,NULL,NULL,'tags','2020-05-22 16:47:49'),(456,34,'HoloceneEvent',392,NULL,NULL,'tags','2020-05-22 16:47:49'),(457,34,'HoloceneEvent',393,NULL,NULL,'tags','2020-05-22 16:47:49'),(458,34,'HoloceneEvent',394,NULL,NULL,'tags','2020-05-22 16:47:49'),(459,34,'HoloceneEvent',395,NULL,NULL,'tags','2020-05-22 16:47:50'),(460,34,'HoloceneEvent',396,NULL,NULL,'tags','2020-05-22 16:47:50'),(461,34,'HoloceneEvent',397,NULL,NULL,'tags','2020-05-22 16:47:50'),(462,34,'HoloceneEvent',398,NULL,NULL,'tags','2020-05-22 16:47:50'),(463,34,'HoloceneEvent',399,NULL,NULL,'tags','2020-05-22 16:47:50'),(464,34,'HoloceneEvent',400,NULL,NULL,'tags','2020-05-22 16:47:50'),(465,34,'HoloceneEvent',401,NULL,NULL,'tags','2020-05-22 16:47:51'),(466,34,'HoloceneEvent',402,NULL,NULL,'tags','2020-05-22 16:47:51'),(467,34,'HoloceneEvent',403,NULL,NULL,'tags','2020-05-22 16:47:51'),(468,34,'HoloceneEvent',404,NULL,NULL,'tags','2020-05-22 16:47:51'),(472,35,'HoloceneEvent',18,NULL,NULL,'tags','2020-05-26 16:45:55'),(473,36,'HoloceneEvent',20,NULL,NULL,'tags','2020-05-26 16:48:08'),(474,36,'HoloceneEvent',19,NULL,NULL,'tags','2020-05-26 16:48:53'),(475,36,'HoloceneEvent',21,NULL,NULL,'tags','2020-05-26 16:50:28'),(476,37,'HoloceneEvent',79,NULL,NULL,'tags','2020-07-07 16:55:52'),(477,38,'HoloceneEvent',197,NULL,NULL,'tags','2020-07-07 16:56:05'),(478,39,'HoloceneEvent',105,NULL,NULL,'tags','2020-07-07 16:57:26'),(479,37,'HoloceneEvent',194,NULL,NULL,'tags','2020-07-07 16:57:39'),(480,40,'HoloceneEvent',246,NULL,NULL,'tags','2020-07-07 17:14:38'),(481,41,'HoloceneEvent',363,NULL,NULL,'tags','2020-07-07 17:15:10');
/*!40000 ALTER TABLE `taggings` ENABLE KEYS */;
UNLOCK TABLES;

--
-- Table structure for table `tags`
--

DROP TABLE IF EXISTS `tags`;
/*!40101 SET @saved_cs_client     = @@character_set_client */;
/*!40101 SET character_set_client = utf8 */;
CREATE TABLE `tags` (
  `id` int(11) NOT NULL AUTO_INCREMENT,
  `name` varchar(255) CHARACTER SET utf8 COLLATE utf8_bin DEFAULT NULL,
  `taggings_count` int(11) DEFAULT 0,
  PRIMARY KEY (`id`),
  UNIQUE KEY `index_tags_on_name` (`name`)
) ENGINE=InnoDB AUTO_INCREMENT=42 DEFAULT CHARSET=utf8mb4 COLLATE=utf8mb4_unicode_ci;
/*!40101 SET character_set_client = @saved_cs_client */;

--
-- Dumping data for table `tags`
--

LOCK TABLES `tags` WRITE;
/*!40000 ALTER TABLE `tags` DISABLE KEYS */;
INSERT INTO `tags` VALUES (1,'BiblicalEvent',18),(2,'SeaPeople',12),(3,'Atlantis',3),(4,'Epidemic',6),(5,'BubonicPlague',4),(6,'Earthquake',6),(7,'Egypt',19),(8,'Archaeoastronomy',34),(9,'Domestication',24),(10,'Historical',5),(11,'Stonehenge',15),(12,'Hittites',2),(13,'Sumerian',1),(14,'Disease',10),(15,'Earth',10),(16,'Flood',5),(17,'RioTinto',6),(18,'Tartessos',5),(19,'Typhus',1),(20,'Smallpox',1),(21,'Famine',1),(22,'Eruption',73),(23,'GlobalVolcano',38),(24,'VEI5',3),(25,'MagneticEvent',5),(26,'Tsunami',5),(27,'BondEvent',7),(28,'ImpactEvent',6),(29,'VEI6',57),(30,'VEI7',12),(31,'TreeRingEvent',9),(32,'Dendrochronology',9),(33,'VEI4',2),(34,'SolarMinimum',23),(35,'Mathematics',1),(36,'Egypt Mathematics',3),(37,'Domestication Egypt',2),(38,'Egypt Disease',1),(39,'Epidemic BubonicPlague',1),(40,'Eruption GlobalVolcano VEI5',1),(41,'Eruption GlobalVolcano VEI6',1);
/*!40000 ALTER TABLE `tags` ENABLE KEYS */;
UNLOCK TABLES;

--
-- Table structure for table `timelines`
--

DROP TABLE IF EXISTS `timelines`;
/*!40101 SET @saved_cs_client     = @@character_set_client */;
/*!40101 SET character_set_client = utf8 */;
CREATE TABLE `timelines` (
  `id` bigint(20) NOT NULL AUTO_INCREMENT,
  `name` varchar(255) COLLATE utf8mb4_unicode_ci DEFAULT NULL,
  `description` text COLLATE utf8mb4_unicode_ci DEFAULT NULL,
  `created_at` datetime NOT NULL,
  `updated_at` datetime NOT NULL,
  `user_id` int(11) DEFAULT NULL,
  PRIMARY KEY (`id`)
) ENGINE=InnoDB AUTO_INCREMENT=21 DEFAULT CHARSET=utf8mb4 COLLATE=utf8mb4_unicode_ci;
/*!40101 SET character_set_client = @saved_cs_client */;

--
-- Dumping data for table `timelines`
--

LOCK TABLES `timelines` WRITE;
/*!40000 ALTER TABLE `timelines` DISABLE KEYS */;
INSERT INTO `timelines` VALUES (1,'Main','Main - contains all events','2020-05-22 16:45:38','2020-05-22 16:45:38',1),(2,'Bible Events','Biblical Events.','2020-05-22 16:45:39','2020-05-22 16:45:39',1),(3,'Cultural','Cultural Events.','2020-05-22 16:45:39','2020-05-22 16:45:39',1),(4,'Climate','Climate Events.','2020-05-22 16:45:39','2020-05-22 16:45:39',1),(5,'First Plague','Events surrounding the first appearence of the Bubonic Plague.','2020-05-22 16:45:39','2020-05-22 16:45:39',1),(6,'Earth Events Timeline','Earth related events.','2020-05-22 16:45:39','2020-05-22 16:45:39',1),(7,'Global Winter','Global winter events.','2020-05-22 16:45:39','2020-05-22 16:45:39',1),(8,'Climate Factors','Factors affecting climate.','2020-05-22 16:45:39','2020-05-22 16:45:39',1),(9,'Broze Age Collapse','Factors affecting the collapse of the late Bronze age.','2020-05-22 16:45:39','2020-05-22 16:45:39',1),(10,'Santorini Eruption 1,628 BC','Factors affecting the collapse of the late Bronze age.','2020-05-22 16:45:39','2020-05-22 16:45:39',1),(11,'Inconvient Dates','People with lenthly lives and how their dates are calulated.','2020-05-22 16:45:39','2020-05-22 16:45:39',1),(12,'Sodom & Gomorrah','Factors affecting the descruction of Sodom and Gomorrah.','2020-05-22 16:45:39','2020-05-22 16:45:39',1),(13,'Watchers','The people who watch the sky.','2020-05-22 16:45:39','2020-05-22 16:45:39',1),(14,'University in Stone','The people who study the sky and other things.','2020-05-22 16:45:39','2020-05-22 16:45:39',1),(15,'Noah\'s Flood','Events surrounding Noah\'s Flood.','2020-05-22 16:45:39','2020-05-22 16:45:39',1),(16,'Introduction','Events used to explain introductory concepts.','2020-05-22 16:45:39','2020-05-22 16:45:39',1),(17,'Enoch','Events used to explain the Enoch events.','2020-05-22 16:45:39','2020-05-22 16:45:39',1),(18,'Holocene Impact Event','Events used to explain the Holocene Impact Event.','2020-05-22 16:45:39','2020-05-22 16:45:39',1),(19,'Drought','Events relating to the 4.2 Kiloyear Event.','2020-05-22 16:45:39','2020-05-22 16:45:39',1),(20,'Volcanoes/Impacts','Volcanoes and Impact Events which may have impacted global climate.','2020-05-22 16:45:39','2020-05-22 16:45:39',1);
/*!40000 ALTER TABLE `timelines` ENABLE KEYS */;
UNLOCK TABLES;

--
-- Table structure for table `users`
--

DROP TABLE IF EXISTS `users`;
/*!40101 SET @saved_cs_client     = @@character_set_client */;
/*!40101 SET character_set_client = utf8 */;
CREATE TABLE `users` (
  `id` bigint(20) NOT NULL AUTO_INCREMENT,
  `email` varchar(255) COLLATE utf8mb4_unicode_ci NOT NULL DEFAULT '',
  `encrypted_password` varchar(255) COLLATE utf8mb4_unicode_ci NOT NULL DEFAULT '',
  `reset_password_token` varchar(255) COLLATE utf8mb4_unicode_ci DEFAULT NULL,
  `reset_password_sent_at` datetime DEFAULT NULL,
  `remember_created_at` datetime DEFAULT NULL,
  `created_at` datetime NOT NULL,
  `updated_at` datetime NOT NULL,
  PRIMARY KEY (`id`),
  UNIQUE KEY `index_users_on_email` (`email`),
  UNIQUE KEY `index_users_on_reset_password_token` (`reset_password_token`)
) ENGINE=InnoDB AUTO_INCREMENT=2 DEFAULT CHARSET=utf8mb4 COLLATE=utf8mb4_unicode_ci;
/*!40101 SET character_set_client = @saved_cs_client */;

--
-- Dumping data for table `users`
--

LOCK TABLES `users` WRITE;
/*!40000 ALTER TABLE `users` DISABLE KEYS */;
INSERT INTO `users` VALUES (1,'palo@alto.com','$2a$11$puBK8QEzymRA/FZqoRdsneQ1zI8IY/c1/okDr3ns0R61lFr/.O0R6',NULL,NULL,'2020-05-28 21:47:10','2020-05-22 16:45:36','2020-05-28 21:47:10');
/*!40000 ALTER TABLE `users` ENABLE KEYS */;
UNLOCK TABLES;

--
-- Table structure for table `users_roles`
--

DROP TABLE IF EXISTS `users_roles`;
/*!40101 SET @saved_cs_client     = @@character_set_client */;
/*!40101 SET character_set_client = utf8 */;
CREATE TABLE `users_roles` (
  `user_id` bigint(20) DEFAULT NULL,
  `role_id` bigint(20) DEFAULT NULL,
  KEY `index_users_roles_on_role_id` (`role_id`),
  KEY `index_users_roles_on_user_id_and_role_id` (`user_id`,`role_id`),
  KEY `index_users_roles_on_user_id` (`user_id`)
) ENGINE=InnoDB DEFAULT CHARSET=utf8mb4 COLLATE=utf8mb4_unicode_ci;
/*!40101 SET character_set_client = @saved_cs_client */;

--
-- Dumping data for table `users_roles`
--

LOCK TABLES `users_roles` WRITE;
/*!40000 ALTER TABLE `users_roles` DISABLE KEYS */;
INSERT INTO `users_roles` VALUES (1,1),(1,2);
/*!40000 ALTER TABLE `users_roles` ENABLE KEYS */;
UNLOCK TABLES;
/*!40103 SET TIME_ZONE=@OLD_TIME_ZONE */;

/*!40101 SET SQL_MODE=@OLD_SQL_MODE */;
/*!40014 SET FOREIGN_KEY_CHECKS=@OLD_FOREIGN_KEY_CHECKS */;
/*!40014 SET UNIQUE_CHECKS=@OLD_UNIQUE_CHECKS */;
/*!40101 SET CHARACTER_SET_CLIENT=@OLD_CHARACTER_SET_CLIENT */;
/*!40101 SET CHARACTER_SET_RESULTS=@OLD_CHARACTER_SET_RESULTS */;
/*!40101 SET COLLATION_CONNECTION=@OLD_COLLATION_CONNECTION */;
/*!40111 SET SQL_NOTES=@OLD_SQL_NOTES */;

-- Dump completed on 2020-07-17 13:11:45
